Name,Position,Price,xMins,GW16,GW17,GW18,GW19,Total,/£M,Elite%
Haaland,FWD,15.0,87,5.5,7.6,5.7,6.0,24.8,0.41,98.2%
B.Fernandes,MID,9.0,90,5.9,4.9,5.6,6.8,23.2,0.64,94.3%
Saka,MID,10.1,82,7.0,5.2,5.6,5.3,23.1,0.57,71.5%
Palmer,MID,10.3,89,5.8,4.6,5.2,5.6,21.2,0.51,0.3%
Isak,FWD,10.4,81,4.6,4.4,5.4,5.2,19.6,0.47,0.0%
Thiago,FWD,6.9,87,5.5,4.7,4.5,4.7,19.4,0.70,49.5%
Foden,MID,8.5,80,4.3,5.6,4.4,4.6,18.9,0.56,74.5%
Mateta,FWD,8.0,82,4.2,4.8,4.9,5.0,18.8,0.59,52.6%
Cunha,MID,7.9,80,4.7,4.0,4.5,5.5,18.5,0.59,14.6%
J.Timber,DEF,6.5,88,5.6,4.0,4.3,4.0,17.9,0.69,49.1%
Semenyo,MID,7.6,86,4.1,5.7,4.1,3.5,17.5,0.57,27.3%
Gordon,MID,7.2,69,4.2,4.1,3.8,4.8,16.8,0.58,6.0%
Virgil,DEF,6.0,92,4.2,3.8,4.6,4.2,16.8,0.70,72.1%
Gakpo,MID,7.5,62,3.8,3.7,4.6,4.3,16.3,0.54,0.5%
Rice,MID,7.1,83,4.7,3.7,4.0,3.8,16.1,0.57,0.7%
O’Reilly,DEF,5.2,75,3.4,4.8,3.8,4.0,16.1,0.77,15.4%
Raúl,FWD,6.2,80,4.4,4.6,4.1,2.9,16.1,0.65,0.9%
Damsgaard,MID,5.8,80,4.4,3.9,3.9,3.8,16.0,0.69,0.1%
Raya,GK,6.0,92,4.3,3.9,3.9,3.9,16.0,0.67,72.2%
Woltemade,FWD,7.5,76,3.9,4.0,3.7,4.3,15.9,0.53,10.1%
Andersen,DEF,4.5,91,4.4,4.1,3.8,3.3,15.7,0.87,86.4%
Saliba,DEF,6.0,92,4.1,3.9,3.8,3.9,15.6,0.65,1.9%
Szoboszlai,MID,6.6,85,4.4,3.3,4.0,4.0,15.6,0.59,3.1%
Doku,MID,6.6,67,3.5,4.4,3.8,3.9,15.5,0.59,0.4%
Enzo,MID,6.7,90,4.2,3.5,3.9,3.9,15.4,0.58,28.5%
Bowen,FWD,7.5,91,4.1,3.2,4.1,4.0,15.4,0.51,0.3%
Gibbs-White,MID,7.3,84,4.4,3.8,3.2,4.0,15.3,0.53,0.0%
Van den Berg,DEF,4.5,92,4.3,4.0,3.5,3.4,15.2,0.84,8.9%
Welbeck,FWD,6.6,80,3.7,4.6,2.9,3.9,15.1,0.57,11.2%
Konaté,DEF,5.4,84,3.6,3.2,4.2,4.0,15.0,0.70,0.4%
Wirtz,MID,8.0,65,3.6,3.3,4.1,4.0,15.0,0.47,0.3%
A.Becker,GK,5.4,94,3.8,3.5,4.0,3.7,15.0,0.69,0.3%
Ekitiké,FWD,8.4,61,3.4,3.4,4.3,3.9,15.0,0.45,0.0%
Gvardiol,DEF,5.8,81,3.5,4.1,3.6,3.7,14.9,0.64,2.3%
Donnarumma,GK,5.7,95,3.7,3.9,3.6,3.7,14.9,0.65,2.5%
João Pedro,FWD,7.3,80,4.1,3.2,3.6,4.0,14.9,0.51,1.2%
Watkins,FWD,8.5,71,4.2,4.3,3.4,3.0,14.9,0.44,0.2%
Wilson,MID,5.2,69,3.8,4.1,3.7,3.3,14.8,0.71,0.1%
L.Paquetá,MID,5.9,82,3.9,3.2,3.9,3.8,14.8,0.63,0.8%
E.Le Fée,MID,4.9,77,3.7,3.5,4.2,3.4,14.7,0.75,1.0%
Tavernier,MID,5.5,73,3.4,4.8,3.4,3.1,14.7,0.67,2.9%
Bruno G.,MID,6.9,89,3.9,3.5,3.4,3.9,14.6,0.53,1.1%
Anderson,MID,5.4,86,4.2,3.7,3.2,3.5,14.6,0.68,30.5%
Minteh,MID,6.3,87,3.6,4.5,2.9,3.7,14.6,0.58,69.5%
Guéhi,DEF,5.2,91,3.1,3.9,3.8,3.9,14.6,0.70,1.1%
Lacroix,DEF,5.1,91,3.2,3.8,3.7,3.8,14.6,0.71,30.3%
Yeremy,MID,5.8,76,3.3,3.8,3.7,3.6,14.5,0.63,0.0%
Neto,MID,7.3,75,4.1,3.1,3.7,3.6,14.4,0.49,0.1%
Rogers,MID,6.9,84,4.2,4.1,3.3,2.8,14.4,0.52,0.1%
Evanilson,FWD,7.0,73,3.4,4.5,3.4,3.0,14.4,0.51,0.2%
Kelleher,GK,4.5,92,3.8,3.7,3.4,3.5,14.4,0.80,3.9%
Tarkowski,DEF,5.4,91,3.3,3.3,4.3,3.4,14.3,0.66,30.3%
Ødegaard,MID,7.8,65,4.2,3.0,3.5,3.5,14.2,0.46,0.0%
Dewsbury-Hall,MID,5.0,85,3.2,3.3,4.0,3.6,14.1,0.70,18.5%
Eze,MID,7.8,54,4.1,3.3,3.3,3.3,14.1,0.45,0.2%
Kayode,DEF,4.5,89,3.9,3.5,3.4,3.2,14.0,0.78,0.1%
Mitchell,DEF,5.0,92,2.9,3.6,3.6,3.9,14.0,0.70,0.0%
Richards,DEF,4.6,90,3.1,3.7,3.5,3.7,13.9,0.76,24.0%
Kudus,MID,6.5,81,3.8,3.7,3.2,3.3,13.9,0.54,0.0%
Gravenberch,MID,5.6,82,3.4,3.3,3.7,3.4,13.9,0.62,0.0%
Collins,DEF,4.9,91,4.2,3.3,3.1,3.2,13.9,0.71,2.6%
Senesi,DEF,5.0,94,2.7,4.7,3.4,3.0,13.9,0.69,34.5%
Leno,GK,4.9,94,3.7,3.6,3.4,3.1,13.8,0.71,0.0%
Matheus N.,DEF,5.3,80,3.3,4.0,3.0,3.5,13.8,0.65,0.0%
Grealish,MID,6.6,83,3.2,3.3,3.9,3.4,13.8,0.52,0.1%
Tielemans,MID,5.9,85,3.9,3.7,3.1,3.0,13.7,0.58,0.1%
Henderson,GK,5.1,94,3.1,3.5,3.6,3.6,13.7,0.67,0.0%
Sánchez,GK,4.8,90,3.7,3.2,3.3,3.5,13.7,0.71,3.4%
Georginio,MID,5.6,73,2.6,4.5,2.7,3.8,13.7,0.61,0.3%
Schade,MID,7.0,0,0.0,4.5,4.6,4.6,13.6,0.49,2.3%
Thiaw,DEF,5.0,87,3.8,3.1,2.9,3.8,13.6,0.68,18.8%
Strand Larsen,FWD,6.2,83,2.9,4.0,3.2,3.5,13.6,0.55,0.4%
Lammens,GK,5.1,93,3.5,3.1,3.2,3.7,13.6,0.67,0.1%
Rúben,DEF,5.6,83,3.3,3.6,3.1,3.4,13.5,0.60,0.1%
Cucurella,DEF,6.2,83,4.0,2.7,3.2,3.5,13.4,0.54,0.2%
Tonali,MID,5.3,82,3.5,3.3,3.2,3.4,13.4,0.63,0.0%
Keane,DEF,4.6,81,2.9,3.0,3.9,3.6,13.4,0.73,8.2%
Pickford,GK,5.5,95,3.1,3.2,3.7,3.4,13.4,0.61,0.3%
Stach,MID,4.8,83,3.5,3.5,3.5,2.9,13.4,0.70,6.8%
Petrović,GK,4.5,94,3.1,3.9,3.2,2.9,13.2,0.73,7.7%
Verbruggen,GK,4.4,93,2.9,4.0,2.8,3.5,13.2,0.75,11.5%
Vicario,GK,4.9,93,3.4,3.2,3.2,3.3,13.1,0.67,0.1%
Kamada,MID,5.0,77,3.1,3.2,3.3,3.5,13.1,0.65,0.0%
Calvert-Lewin,FWD,5.5,75,3.5,3.5,3.2,2.8,13.0,0.59,5.5%
Estève,DEF,3.9,91,3.5,3.0,3.5,2.9,13.0,0.83,10.2%
Martinez,GK,5.1,93,3.7,3.6,3.0,2.8,13.0,0.64,0.0%
Sels,GK,4.7,93,3.5,3.2,2.9,3.5,13.0,0.69,0.3%
Tete,DEF,4.5,86,3.9,3.4,3.1,2.6,13.0,0.72,0.7%
Roefs,GK,4.7,92,3.3,3.1,3.6,2.9,13.0,0.69,0.2%
James,DEF,5.6,75,4.0,2.5,3.1,3.2,12.8,0.57,0.2%
Gomes,MID,5.3,89,3.0,3.6,3.0,3.1,12.8,0.60,0.0%
Chalobah,DEF,5.2,80,3.7,2.8,3.0,3.3,12.8,0.61,0.4%
Pedro Porro,DEF,5.4,82,3.5,3.2,3.1,3.0,12.8,0.59,0.6%
Kevin,MID,5.8,56,2.8,3.7,3.4,2.9,12.8,0.55,0.0%
Dúbravka,GK,4.0,94,3.4,3.0,3.4,3.0,12.8,0.80,92.6%
Muñoz,DEF,6.1,86,2.4,3.2,3.5,3.7,12.7,0.52,18.2%
Romero,DEF,5.0,91,3.5,3.0,3.1,3.0,12.6,0.63,0.3%
Van Hecke,DEF,4.5,90,2.8,4.3,2.4,3.1,12.5,0.70,11.0%
Dalot,DEF,4.4,66,2.2,2.8,3.3,4.2,12.5,0.71,0.2%
Igor Jesus,FWD,5.8,80,4.3,3.1,2.6,2.6,12.5,0.54,0.0%
Perri,GK,4.5,93,3.1,3.3,3.3,2.8,12.5,0.69,0.0%
Zubimendi,MID,5.3,82,3.6,2.9,3.0,2.9,12.4,0.59,0.0%
Areola,GK,4.3,93,3.2,2.7,3.4,3.2,12.4,0.72,0.1%
Diakité,DEF,4.4,90,2.9,4.1,2.9,2.5,12.4,0.70,0.3%
Mukiele,DEF,4.2,88,3.3,2.8,3.8,2.5,12.4,0.74,10.2%
Rodrigo,MID,6.3,53,1.5,3.8,3.5,3.6,12.3,0.49,0.0%
Murillo,DEF,5.3,85,2.7,3.3,2.7,3.6,12.3,0.58,0.1%
Mac Allister,MID,6.3,61,2.8,2.8,3.4,3.2,12.2,0.49,0.0%
Livramento,DEF,4.9,88,3.6,2.9,2.6,3.2,12.2,0.62,2.4%
McGinn,MID,5.4,70,3.4,3.6,2.8,2.5,12.2,0.57,0.0%
De Ligt,DEF,5.0,84,2.6,2.7,3.1,3.7,12.2,0.61,0.6%
Flemming,FWD,5.3,62,3.2,3.0,3.0,2.9,12.2,0.58,0.0%
Cash,DEF,4.7,83,3.9,3.6,2.6,2.0,12.2,0.65,0.2%
Frimpong,DEF,5.7,90,1.8,2.5,4.0,3.9,12.2,0.53,0.0%
Cullen,MID,5.0,86,3.1,3.1,3.0,2.9,12.2,0.61,0.0%
Florentino,MID,5.0,87,3.3,3.0,3.0,2.8,12.1,0.61,0.0%
Alderete,DEF,4.1,82,3.1,2.8,3.7,2.5,12.1,0.74,4.5%
Truffert,DEF,4.5,89,2.8,4.3,2.8,2.2,12.1,0.67,2.7%
Milenković,DEF,5.2,90,3.4,3.0,2.4,3.2,12.0,0.58,0.0%
Joelinton,MID,5.9,66,3.2,3.0,2.7,3.1,11.9,0.51,0.0%
J.Palhinha,MID,5.5,77,3.2,3.2,2.9,2.6,11.9,0.54,0.0%
Barry,FWD,5.7,62,2.6,2.8,3.3,3.1,11.9,0.52,0.0%
Ballard,DEF,4.6,79,3.0,2.7,3.5,2.6,11.9,0.64,0.0%
Buendía,MID,5.3,56,3.2,3.6,2.7,2.4,11.8,0.56,0.0%
Wharton,MID,5.0,78,2.9,2.9,2.9,3.0,11.8,0.59,0.0%
J.Arias,MID,5.0,65,2.5,3.7,2.8,2.9,11.8,0.59,0.0%
Mykolenko,DEF,4.9,88,2.7,2.6,3.5,3.0,11.8,0.60,0.1%
Ramsdale,GK,4.8,93,3.7,3.3,2.4,2.4,11.8,0.61,0.5%
Rodon,DEF,4.1,90,3.0,3.3,3.2,2.3,11.7,0.72,37.4%
Hincapie,DEF,5.4,89,5.3,2.6,2.0,1.8,11.7,0.54,1.3%
Ndoye,MID,5.6,69,3.4,3.0,2.5,2.8,11.7,0.52,0.0%
Ayari,MID,4.9,73,2.2,3.6,2.8,3.2,11.7,0.60,0.0%
Konsa,DEF,4.4,91,3.5,3.3,2.6,2.2,11.7,0.66,0.4%
Henderson,MID,5.0,80,3.1,3.0,3.0,2.6,11.7,0.58,0.0%
Garner,MID,5.0,85,3.2,2.6,2.9,3.0,11.6,0.58,0.1%
Isidor,FWD,5.5,57,2.8,2.8,3.3,2.7,11.6,0.53,0.2%
Van de Ven,DEF,4.7,90,3.2,2.8,2.8,2.7,11.5,0.61,0.6%
Nketiah,FWD,5.4,47,2.2,2.9,3.2,3.3,11.5,0.53,0.0%
Adams,MID,5.0,90,3.3,3.1,2.7,2.5,11.5,0.58,0.0%
Pau,DEF,4.3,90,3.5,3.2,2.5,2.3,11.5,0.67,0.0%
Sessegnon,MID,5.4,80,3.3,3.1,2.7,2.3,11.5,0.53,0.0%
Scott,MID,5.0,82,3.4,3.4,2.5,2.1,11.4,0.57,0.0%
Dunk,DEF,4.5,87,2.5,3.8,2.1,3.0,11.4,0.63,0.0%
Calafiori,DEF,5.8,0,0.0,3.7,3.9,3.8,11.3,0.49,1.0%
Kluivert,MID,7.0,47,2.4,3.7,2.8,2.4,11.3,0.40,0.1%
Lewis-Potter,DEF,4.8,58,3.6,2.7,2.6,2.4,11.3,0.59,0.0%
N.Williams,DEF,4.7,90,3.6,2.5,2.1,3.1,11.3,0.60,0.2%
Nelson,MID,4.8,43,2.4,3.2,2.9,2.8,11.3,0.59,0.0%
Reijnders,MID,5.3,59,2.7,3.1,2.6,2.8,11.3,0.53,6.7%
Mavropanos,DEF,4.4,84,3.1,2.2,3.1,2.9,11.2,0.64,0.0%
Mount,MID,5.9,40,2.1,2.6,2.8,3.6,11.1,0.47,0.0%
Šeško,FWD,7.2,55,1.4,2.4,3.5,3.7,11.1,0.38,0.0%
Mitoma,MID,6.1,50,1.2,3.8,2.5,3.6,11.1,0.45,0.0%
Wieffer,MID,4.9,79,2.7,3.0,2.6,2.9,11.1,0.56,0.1%
Johnstone,GK,4.5,94,2.5,3.2,2.6,2.8,11.1,0.61,0.0%
Hartman,DEF,4.0,87,3.3,2.3,2.9,2.6,11.0,0.69,0.1%
Anthony,MID,5.4,56,2.8,2.7,2.8,2.7,11.0,0.51,0.0%
Dorgu,DEF,4.1,40,1.8,2.7,2.8,3.7,11.0,0.67,0.1%
Ekdal,DEF,4.0,63,2.4,2.8,3.1,2.7,11.0,0.69,0.0%
Berge,MID,4.9,86,2.9,2.9,2.7,2.5,10.9,0.56,0.0%
Gudmundsson,DEF,3.9,81,2.7,3.1,3.1,2.0,10.9,0.70,4.5%
Hall,DEF,5.2,66,3.2,2.6,2.1,3.0,10.9,0.52,0.3%
Bellegarde,MID,5.2,67,2.3,3.1,2.6,2.7,10.9,0.52,0.0%
Xhaka,MID,5.2,89,3.3,2.2,2.8,2.5,10.8,0.52,0.3%
O'Brien,DEF,4.9,76,2.2,2.5,3.3,2.8,10.8,0.55,0.0%
King,MID,4.5,55,2.6,2.9,2.8,2.5,10.8,0.60,4.4%
M.Fernandes,MID,5.5,70,2.9,2.3,2.9,2.7,10.8,0.49,0.0%
Yarmoliuk,MID,5.0,67,2.8,2.8,2.6,2.5,10.7,0.53,0.0%
Merino,MID,6.0,63,4.2,2.4,1.9,2.1,10.7,0.44,0.0%
Kamara,MID,4.9,83,3.0,2.6,2.5,2.4,10.6,0.54,0.0%
Hume,DEF,4.5,75,2.6,2.4,3.4,2.1,10.5,0.58,0.0%
Cherki,MID,6.4,37,2.1,3.0,2.3,2.9,10.4,0.40,0.0%
Todibo,DEF,4.3,77,2.6,2.0,2.9,2.8,10.3,0.60,0.0%
Casemiro,MID,5.5,70,2.5,2.4,2.5,2.9,10.3,0.47,0.0%
Summerville,MID,5.5,50,1.2,2.5,3.3,3.2,10.3,0.47,0.0%
Struijk,DEF,4.3,84,2.7,2.8,2.8,1.9,10.2,0.60,0.0%
Shaw,DEF,4.5,74,2.7,2.1,2.4,3.0,10.2,0.57,0.2%
Barnes,MID,6.4,34,2.2,2.7,2.5,2.8,10.2,0.40,0.1%
F.Kadıoğlu,DEF,4.4,85,2.3,3.6,1.7,2.5,10.1,0.57,0.1%
André,MID,5.3,89,2.2,2.5,2.5,2.8,10.1,0.48,0.0%
Bernardo,MID,6.2,53,2.3,2.7,2.5,2.5,10.0,0.40,0.0%
Caicedo,MID,5.8,0,0.0,3.3,3.3,3.4,10.0,0.43,0.0%
Tchaouna,MID,4.9,53,2.6,2.4,2.5,2.5,10.0,0.51,0.0%
Richarlison,FWD,6.4,51,2.7,2.8,2.3,2.2,10.0,0.39,0.0%
Kolo Muani,FWD,6.9,53,2.6,2.7,2.3,2.2,9.9,0.36,0.0%
Gabriel,DEF,6.3,0,0.0,1.9,3.8,4.2,9.9,0.39,0.3%
Ampadu,MID,4.9,84,3.0,2.4,2.2,2.2,9.8,0.50,0.0%
Xavi,MID,6.5,54,2.8,2.6,2.0,2.3,9.7,0.37,0.0%
Bentancur,MID,5.3,58,2.3,2.5,2.4,2.4,9.6,0.45,0.0%
Alcaraz,MID,5.2,23,1.1,2.6,3.1,2.8,9.6,0.46,0.0%
Bogle,DEF,4.4,87,2.8,2.5,2.6,1.8,9.6,0.54,0.0%
Brobbey,FWD,5.5,40,2.0,2.4,2.9,2.4,9.5,0.43,0.0%
Potts,MID,4.4,71,2.5,2.3,2.3,2.5,9.5,0.54,0.6%
Martinez,DEF,4.8,51,2.0,1.8,2.4,3.3,9.5,0.49,0.0%
Hickey,DEF,4.0,58,2.7,2.4,2.2,2.2,9.5,0.59,0.0%
Wilson,FWD,5.8,54,2.6,2.0,2.6,2.2,9.4,0.41,0.0%
Malen,MID,5.1,41,2.6,2.8,2.1,2.0,9.4,0.46,0.2%
Tanaka,MID,4.8,68,2.5,2.7,2.3,1.9,9.4,0.49,0.0%
Gomez,MID,4.9,51,2.1,2.7,2.1,2.5,9.4,0.48,0.0%
Zirkzee,FWD,5.8,37,2.1,2.2,2.4,2.7,9.4,0.40,0.0%
Lukić,MID,5.0,48,2.1,2.6,2.4,2.2,9.3,0.47,0.0%
Trossard,MID,6.9,38,2.5,2.2,2.5,2.0,9.2,0.33,0.0%
Botman,DEF,4.9,70,1.4,2.0,2.6,3.1,9.2,0.47,0.0%
Kerkez,DEF,5.6,51,2.2,1.8,2.9,2.3,9.2,0.41,0.2%
Ugochukwu,MID,5.0,65,2.4,2.3,2.3,2.2,9.1,0.46,0.0%
Udogie,DEF,4.4,70,2.5,2.2,2.2,2.2,9.1,0.52,0.0%
Nmecha,FWD,5.0,66,1.3,2.3,2.9,2.5,9.1,0.45,0.0%
Robertson,DEF,5.8,48,2.2,1.9,2.3,2.6,9.0,0.39,0.0%
Hee Chan,MID,5.7,33,1.5,2.8,2.2,2.5,8.9,0.39,0.0%
J.Murphy,MID,6.1,36,2.1,2.4,2.0,2.4,8.9,0.37,0.0%
Garnacho,MID,6.4,42,2.6,1.9,2.0,2.4,8.9,0.35,0.0%
Burn,DEF,5.1,60,2.7,2.0,1.9,2.3,8.9,0.44,1.3%
Maatsen,DEF,4.2,55,2.6,2.6,2.0,1.6,8.9,0.53,0.0%
Gruda,MID,5.4,46,2.2,2.6,1.7,2.3,8.8,0.41,0.0%
Toti,DEF,4.3,81,1.8,2.7,2.0,2.3,8.8,0.51,0.0%
Savinho,MID,6.9,26,1.5,2.7,2.2,2.4,8.8,0.32,0.1%
Elanga,MID,6.6,35,2.1,2.2,2.0,2.4,8.8,0.33,0.2%
Fofana,DEF,4.4,58,2.5,1.9,2.1,2.2,8.7,0.49,0.0%
Hinshelwood,MID,5.1,54,1.9,2.3,2.0,2.3,8.5,0.42,0.0%
Smith,DEF,4.4,64,2.0,2.8,2.0,1.7,8.5,0.48,0.0%
Smith Rowe,MID,5.6,30,1.6,2.3,2.4,2.1,8.5,0.38,0.0%
Brooks,MID,5.0,36,1.8,2.8,2.1,1.9,8.5,0.42,0.0%
Kilman,DEF,4.2,46,1.6,1.9,2.4,2.6,8.4,0.50,0.1%
Bruun Larsen,MID,5.3,40,2.0,2.0,2.2,2.1,8.4,0.40,0.0%
Okafor,MID,5.5,50,2.3,2.3,2.0,1.8,8.4,0.38,0.0%
Hutchinson,MID,5.4,50,2.5,1.9,1.8,2.0,8.3,0.38,0.0%
Beto,FWD,5.1,39,1.9,1.9,2.1,2.1,8.0,0.39,0.0%
Gyökeres,FWD,8.8,29,2.5,1.7,1.8,2.0,8.0,0.23,0.3%
Gusto,DEF,4.9,61,3.0,1.5,1.6,1.9,8.0,0.41,0.0%
Bergvall,MID,5.4,38,1.7,2.1,2.0,2.0,7.9,0.36,0.0%
Walker-Peters,DEF,4.3,20,0.7,1.6,3.0,2.5,7.9,0.46,0.0%
Iroegbunam,MID,4.8,33,1.2,2.2,2.4,2.0,7.8,0.41,0.0%
Diop,DEF,4.3,14,0.5,2.8,2.4,2.1,7.8,0.45,0.0%
N.Gonzalez,MID,5.9,63,2.5,1.9,1.6,1.8,7.8,0.33,0.0%
Delap,FWD,6.2,32,0.6,1.6,2.7,2.9,7.8,0.31,0.0%
Jensen,MID,4.9,38,1.9,1.7,2.0,2.1,7.8,0.40,0.0%
Mosquera,DEF,4.3,55,1.4,2.7,1.8,2.0,7.8,0.45,0.0%
Geertruida,DEF,4.5,44,1.5,1.8,2.8,1.6,7.7,0.43,0.0%
Krejčí,DEF,4.5,95,0.9,2.6,2.0,2.1,7.7,0.43,0.0%
Madueke,MID,6.8,32,2.5,1.6,1.7,1.9,7.7,0.28,0.2%
Rigg,MID,4.8,19,0.9,2.2,2.5,2.1,7.7,0.40,0.0%
Havertz,FWD,7.3,0,0.0,1.6,2.9,3.1,7.6,0.26,0.0%
Zinchenko,DEF,4.9,56,0.9,2.2,1.9,2.5,7.6,0.39,0.0%
De Cuyper,DEF,4.3,54,2.1,2.2,1.2,1.9,7.4,0.43,0.8%
Savona,DEF,4.5,64,2.4,1.8,1.3,1.9,7.4,0.41,0.0%
Aaronson,MID,5.4,40,1.9,2.0,1.8,1.6,7.3,0.34,0.0%
Walker,DEF,4.4,0,0.0,2.2,2.7,2.3,7.2,0.41,0.0%
Yoro,DEF,4.3,50,2.0,1.5,1.5,2.2,7.1,0.42,0.0%
Bradley,DEF,5.0,0,0.0,2.2,2.4,2.5,7.1,0.36,0.0%
Estêvão,MID,6.6,38,2.2,1.7,1.4,1.8,7.1,0.27,0.0%
Broja,FWD,5.2,29,1.6,1.8,1.8,1.8,7.0,0.34,0.0%
Hudson-Odoi,MID,5.7,43,2.2,1.8,1.3,1.6,6.9,0.30,0.0%
Gnonto,MID,5.2,34,1.7,1.9,1.7,1.5,6.8,0.33,0.0%
Ajer,DEF,4.4,31,1.5,1.8,1.9,1.6,6.8,0.39,0.0%
Møller Wolfe,DEF,4.3,70,1.3,2.3,1.4,1.7,6.8,0.39,0.0%
Füllkrug,FWD,5.6,33,1.7,1.4,1.8,1.9,6.8,0.30,0.0%
Devenny,MID,4.3,21,1.1,1.8,1.8,2.0,6.7,0.39,0.1%
Souček,MID,5.7,39,1.7,1.5,1.6,1.8,6.6,0.29,0.0%
Kroupi.Jr,FWD,4.6,29,1.5,1.9,1.7,1.5,6.6,0.36,6.5%
Odobert,MID,5.3,32,1.6,1.9,1.6,1.5,6.5,0.31,0.0%
Mundle,MID,4.9,7,0.5,2.0,2.2,1.8,6.5,0.33,0.0%
Laurent,MID,4.8,35,1.4,1.5,1.7,1.9,6.5,0.34,0.0%
Bijol,DEF,3.9,39,1.4,1.6,2.0,1.3,6.4,0.41,0.2%
Bobb,MID,5.2,14,0.8,2.0,1.6,1.9,6.4,0.31,0.0%
Kulusevski,MID,6.4,50,0.1,1.3,2.3,2.6,6.3,0.25,0.0%
Digne,DEF,4.5,31,1.6,2.0,1.5,1.2,6.3,0.35,0.0%
Neil,MID,4.8,8,0.3,2.0,2.0,1.9,6.2,0.32,0.0%
Röhl,MID,5.0,0,0.0,1.1,2.5,2.6,6.2,0.31,0.0%
White,DEF,5.3,49,2.9,1.2,1.1,1.1,6.2,0.29,0.1%
Dominguez,MID,5.0,34,1.5,1.7,1.5,1.4,6.2,0.31,0.0%
Schär,DEF,5.3,46,2.2,1.3,1.1,1.5,6.1,0.29,0.0%
C.Jones,MID,5.4,27,1.4,1.4,1.7,1.7,6.1,0.28,0.0%
Onana,MID,4.8,31,1.3,1.5,1.4,1.6,5.9,0.31,0.0%
S.Magassa,MID,5.0,33,1.3,1.3,1.5,1.9,5.9,0.30,0.0%
Gruev,MID,4.8,42,1.5,1.8,1.3,1.3,5.9,0.30,0.0%
Dibling,MID,5.3,10,0.5,1.7,1.9,1.7,5.8,0.28,0.0%
Lerma,MID,4.9,26,1.1,1.6,1.6,1.5,5.8,0.30,0.0%
Gomez,DEF,4.9,41,1.8,0.9,1.4,1.7,5.7,0.29,0.0%
Douglas Luiz,MID,4.9,0,0.0,1.3,1.8,2.6,5.6,0.29,0.0%
Doherty,DEF,4.4,22,0.6,2.1,1.4,1.6,5.6,0.32,0.0%
Yates,MID,4.7,32,1.0,1.7,1.4,1.4,5.6,0.30,0.0%
Wood,FWD,7.2,0,0.0,1.2,1.8,2.5,5.6,0.19,0.2%
Hoever,DEF,3.9,17,0.5,2.1,1.5,1.4,5.5,0.36,0.0%
Mayenda,FWD,5.3,6,0.5,1.7,1.8,1.5,5.5,0.26,0.0%
L.Miley,MID,4.4,27,1.2,1.3,1.4,1.5,5.5,0.31,0.0%
A.Jimenez,DEF,4.5,31,1.1,1.7,1.5,1.1,5.5,0.31,0.0%
Ugarte,MID,4.7,29,1.2,1.3,1.4,1.6,5.5,0.29,0.0%
Chiesa,MID,6.3,11,0.8,1.3,1.6,1.8,5.4,0.21,0.0%
Cook,MID,4.9,0,0.0,2.1,1.6,1.7,5.4,0.28,0.0%
Lewis-Skelly,DEF,5.1,65,3.9,0.5,0.6,0.5,5.4,0.26,0.0%
Cairney,MID,4.8,14,0.7,1.6,1.5,1.5,5.4,0.28,0.0%
Mainoo,MID,4.6,20,1.0,1.3,1.5,1.5,5.3,0.29,0.0%
J.Cuenca,DEF,4.3,10,0.4,1.6,1.8,1.4,5.2,0.30,0.0%
McNeil,MID,5.5,6,0.4,1.5,1.7,1.5,5.1,0.23,0.0%
Johnson,MID,6.6,26,1.5,1.3,1.1,1.2,5.1,0.19,0.1%
Bakwa,MID,5.9,0,0.0,1.2,1.6,2.3,5.1,0.22,0.0%
Gray,MID,4.8,20,0.7,1.3,1.4,1.5,5.0,0.26,0.0%
Sancho,MID,5.8,27,1.6,0.0,1.7,1.7,5.0,0.21,0.0%
Martinelli,MID,6.8,15,1.2,1.1,1.3,1.4,5.0,0.18,0.0%
O.Dango,MID,6.0,84,4.9,0.0,0.0,0.0,4.9,0.21,0.4%
Mbeumo,MID,8.4,85,4.9,0.0,0.0,0.0,4.9,0.15,13.0%
Spence,DEF,4.4,34,1.3,1.2,1.1,1.3,4.8,0.27,0.0%
J.Ramsey,MID,5.3,17,1.0,1.2,1.3,1.4,4.8,0.22,0.0%
Hughes,MID,4.7,17,0.7,1.3,1.3,1.4,4.7,0.25,0.0%
Gittens,MID,6.1,20,1.3,0.9,0.9,1.5,4.6,0.19,0.0%
Adama,MID,5.1,11,0.7,1.4,1.4,1.1,4.6,0.23,0.0%
Sonne,DEF,3.9,81,3.0,0.3,0.6,0.6,4.5,0.29,0.0%
Janelt,MID,4.9,17,0.8,1.0,1.2,1.4,4.5,0.23,0.0%
Maguire,DEF,4.4,26,0.9,0.9,1.1,1.5,4.5,0.25,0.0%
S.Bueno,DEF,4.4,15,0.4,1.6,1.1,1.4,4.4,0.25,0.0%
Veltman,DEF,4.3,27,0.9,1.5,0.9,1.1,4.3,0.25,0.0%
Andrey Santos,MID,4.5,46,2.2,0.7,0.7,0.8,4.3,0.24,0.1%
Clyne,DEF,3.8,28,0.9,1.2,1.0,1.1,4.3,0.28,0.0%
Piroe,FWD,5.0,21,1.2,1.1,1.0,0.9,4.1,0.20,0.0%
Poveda,MID,4.8,1,0.1,1.2,1.4,1.4,4.1,0.21,0.0%
Edwards,MID,4.7,12,0.7,0.9,1.3,1.1,4.0,0.21,0.0%
Fer López,MID,5.2,5,0.3,1.3,1.2,1.3,4.0,0.19,0.0%
Henry,DEF,4.3,20,0.9,0.9,1.0,1.1,3.9,0.23,0.0%
Tosin,DEF,4.2,19,0.9,0.8,1.0,1.2,3.9,0.23,0.0%
Tel,MID,6.2,17,1.0,1.3,0.8,0.7,3.9,0.16,0.0%
H.Bueno,DEF,4.4,23,0.6,1.2,1.0,1.0,3.8,0.22,0.0%
Amad,MID,6.3,79,3.8,0.0,0.0,0.0,3.8,0.15,0.1%
Ndiaye,MID,6.5,81,3.8,0.0,0.0,0.0,3.8,0.15,13.4%
Marc Guiu,FWD,4.2,20,1.3,1.0,0.6,0.8,3.7,0.22,50.1%
Iwobi,MID,6.4,81,3.7,0.0,0.0,0.0,3.7,0.15,0.0%
Robinson,DEF,4.9,0,0.0,0.5,1.4,1.8,3.7,0.19,0.0%
Justin,DEF,3.9,17,0.6,1.1,1.0,0.9,3.7,0.24,0.0%
Castagne,DEF,4.3,13,0.6,1.1,1.0,0.9,3.7,0.21,0.0%
Acheampong,DEF,3.9,20,0.9,0.8,0.9,1.0,3.7,0.23,0.0%
M.Salah,MID,14.0,51,3.6,0.0,0.0,0.0,3.6,0.06,1.2%
Morato,DEF,4.3,32,1.2,0.5,0.8,1.0,3.5,0.20,0.0%
Bassey,DEF,4.5,88,3.5,0.0,0.0,0.0,3.5,0.19,0.0%
Stones,DEF,5.4,15,0.6,0.9,1.0,1.0,3.5,0.16,0.0%
Hill,DEF,4.0,26,1.0,0.8,0.8,0.8,3.4,0.21,0.0%
Malacia,DEF,3.8,3,0.1,0.7,1.0,1.5,3.3,0.22,0.1%
Ngumoha,MID,4.4,6,0.5,0.6,1.1,1.1,3.3,0.19,0.0%
Aké,DEF,5.3,8,0.3,0.9,1.0,1.1,3.3,0.15,0.0%
Patterson,DEF,4.4,8,0.3,0.7,1.1,1.1,3.2,0.18,0.0%
Milner,MID,4.9,12,0.2,1.0,0.8,1.1,3.2,0.16,0.0%
Canvot,DEF,4.5,11,0.3,0.6,1.1,1.0,3.1,0.17,0.0%
Kostoulas,FWD,4.8,13,0.7,0.8,0.6,0.8,3.0,0.16,0.0%
Solanke,FWD,7.2,0,0.0,0.0,1.2,1.8,3.0,0.10,0.1%
Gana,MID,5.4,80,3.0,0.0,0.0,0.0,3.0,0.14,0.0%
McAtee,MID,5.1,13,0.7,0.8,0.7,0.7,2.9,0.14,0.0%
Irving,MID,4.4,12,0.6,0.7,0.7,0.9,2.9,0.17,0.0%
Lewis,DEF,4.7,11,0.5,0.7,0.7,1.0,2.9,0.15,0.0%
Diouf,DEF,4.2,91,2.9,0.0,0.0,0.0,2.9,0.17,0.1%
Scarles,DEF,4.3,0,0.0,0.0,1.3,1.6,2.9,0.17,0.0%
L.Guilherme,MID,4.9,11,0.6,0.9,0.6,0.7,2.8,0.15,0.0%
Hato,DEF,4.7,16,0.7,0.5,0.8,0.8,2.8,0.15,0.0%
Boscagli,DEF,4.2,11,0.4,0.7,0.6,1.1,2.8,0.17,0.0%
Danso,DEF,4.3,9,0.4,0.6,0.8,1.1,2.8,0.16,0.0%
Kalimuendo,FWD,6.0,17,1.0,0.7,0.5,0.5,2.8,0.12,0.0%
Harrison,MID,5.1,8,0.5,0.8,0.8,0.7,2.8,0.14,0.0%
Wan-Bissaka,DEF,4.2,84,2.7,0.0,0.0,0.0,2.7,0.16,0.0%
Longstaff,MID,4.9,0,0.0,0.0,1.1,1.6,2.7,0.14,0.4%
Enes Ünal,FWD,5.4,6,0.5,0.9,0.6,0.7,2.7,0.12,0.0%
Igor,DEF,4.5,9,0.1,0.8,1.7,0.0,2.6,0.15,0.0%
Sangaré,MID,4.9,67,2.6,0.0,0.0,0.0,2.6,0.13,0.0%
Khusanov,DEF,5.4,6,0.2,0.7,0.8,0.9,2.6,0.12,0.0%
Nwaneri,MID,5.1,13,0.9,0.5,0.6,0.5,2.5,0.12,0.0%
Sadiki,MID,5.0,77,2.4,0.0,0.0,0.0,2.4,0.12,0.0%
Pope,GK,5.1,0,0.0,0.1,0.9,1.4,2.4,0.12,3.7%
Elliott,MID,5.3,3,0.3,0.9,0.5,0.6,2.4,0.11,0.0%
Agbadou,DEF,4.3,85,2.3,0.0,0.0,0.0,2.3,0.13,0.0%
Nunes,MID,4.9,4,0.3,0.6,0.7,0.7,2.3,0.12,0.0%
Lucas Pires,DEF,3.8,0,0.0,0.7,0.8,0.8,2.2,0.15,0.1%
Foster,FWD,5.0,47,2.2,0.0,0.0,0.0,2.2,0.11,0.8%
Traoré,MID,5.5,46,2.2,0.0,0.0,0.0,2.2,0.10,0.0%
Nørgaard,MID,5.2,13,0.7,0.5,0.5,0.5,2.1,0.10,0.0%
Watson,MID,4.8,11,0.6,0.5,0.5,0.5,2.1,0.11,0.0%
Talbi,MID,5.0,45,2.0,0.0,0.0,0.0,2.0,0.10,0.0%
Cirkin,DEF,4.0,4,0.0,0.4,1.0,0.5,2.0,0.12,0.0%
B.Badiashile,DEF,4.4,12,0.5,0.4,0.5,0.6,1.9,0.11,0.0%
Osula,FWD,5.4,2,0.1,0.5,0.6,0.8,1.9,0.09,0.0%
Chukwueze,MID,5.3,34,1.9,0.0,0.0,0.0,1.9,0.09,0.0%
Baleba,MID,4.7,58,1.9,0.0,0.0,0.0,1.9,0.10,0.1%
Obi,FWD,4.3,2,0.2,0.6,0.4,0.7,1.9,0.11,3.2%
Willock,MID,5.0,4,0.3,0.5,0.5,0.6,1.8,0.09,0.0%
Marmoush,MID,8.3,26,1.8,0.0,0.0,0.0,1.8,0.06,0.0%
Lindelöf,DEF,4.5,7,0.2,0.5,0.5,0.4,1.7,0.10,0.0%
Lavia,MID,4.9,0,0.0,0.3,0.6,0.8,1.7,0.09,0.0%
Adli,MID,5.4,34,1.7,0.0,0.0,0.0,1.7,0.08,0.0%
Buonanotte,MID,4.6,9,0.6,0.3,0.3,0.4,1.7,0.09,0.0%
Christie,MID,4.9,0,0.0,0.1,0.7,0.9,1.7,0.09,0.0%
Wissa,FWD,7.3,27,1.7,0.0,0.0,0.0,1.7,0.06,0.1%
Peart-Harris,MID,4.4,2,0.2,0.4,0.5,0.5,1.6,0.09,0.0%
Barnes,FWD,4.3,2,0.2,0.4,0.5,0.5,1.6,0.09,2.8%
P.M.Sarr,MID,4.7,36,1.6,0.0,0.0,0.0,1.6,0.09,0.0%
Byram,DEF,3.9,3,0.2,0.4,0.6,0.4,1.6,0.10,0.1%
Sarr,MID,6.5,80,1.6,0.0,0.0,0.0,1.6,0.06,0.9%
Mazraoui,DEF,4.9,36,1.6,0.0,0.0,0.0,1.6,0.08,0.0%
Aït-Nouri,DEF,5.7,32,1.5,0.0,0.0,0.0,1.5,0.07,0.2%
Matete,MID,4.4,0,0.0,0.4,0.5,0.6,1.5,0.09,0.0%
Muniz,FWD,5.4,0,0.0,0.0,0.3,1.2,1.5,0.07,0.1%
Esse,MID,4.7,0,0.0,0.4,0.5,0.5,1.5,0.08,0.0%
Sosa,DEF,4.8,4,0.2,0.4,0.5,0.4,1.4,0.07,0.0%
Ba,MID,4.3,0,0.0,0.5,0.4,0.5,1.4,0.08,0.2%
Pinnock,DEF,4.3,4,0.2,0.3,0.5,0.4,1.3,0.08,0.0%
Endo,MID,4.9,5,0.3,0.3,0.3,0.5,1.3,0.07,0.0%
Bogarde,DEF,4.0,3,0.2,0.3,0.4,0.4,1.3,0.08,0.0%
Marshall,FWD,4.3,2,0.2,0.4,0.4,0.4,1.3,0.08,4.6%
Tuanzebe,DEF,3.9,88,1.3,0.0,0.0,0.0,1.3,0.08,0.3%
Coppola,DEF,4.2,2,0.1,0.2,0.3,0.6,1.3,0.08,0.0%
Diarra,MID,5.3,80,1.3,0.0,0.0,0.0,1.3,0.06,0.0%
Reinildo,DEF,4.0,95,1.3,0.0,0.0,0.0,1.3,0.08,0.0%
Bornauw,DEF,3.8,5,0.1,0.3,0.4,0.4,1.3,0.08,0.0%
Tchatchoua,DEF,4.5,69,1.2,0.0,0.0,0.0,1.2,0.07,0.0%
Trippier,DEF,4.9,0,0.0,0.0,0.4,0.8,1.2,0.06,0.0%
A.García,DEF,3.9,4,0.2,0.3,0.3,0.4,1.2,0.07,0.0%
Tolu,FWD,5.4,26,1.1,0.0,0.0,0.0,1.1,0.05,0.0%
Reed,MID,4.3,0,0.0,0.4,0.4,0.4,1.1,0.07,0.2%
Guessand,MID,6.2,28,1.1,0.0,0.0,0.0,1.1,0.05,0.0%
Edozie,MID,4.3,2,0.2,0.3,0.3,0.4,1.1,0.06,0.0%
G.Rodriguez,MID,4.8,2,0.2,0.3,0.3,0.3,1.1,0.06,0.0%
Heaven,DEF,3.8,3,0.1,0.2,0.3,0.4,1.0,0.07,0.2%
Soler,DEF,4.0,2,0.1,0.3,0.3,0.3,0.9,0.06,0.0%
Kone,MID,4.3,0,0.0,0.2,0.3,0.4,0.9,0.05,0.0%
Chirewa,MID,4.3,20,0.9,0.0,0.0,0.0,0.9,0.05,0.0%
March,MID,5.8,0,0.0,0.0,0.3,0.6,0.9,0.04,0.0%
Mamardashvili,GK,4.3,0,0.0,0.2,0.3,0.4,0.9,0.05,0.0%
Aznou,DEF,4.3,2,0.1,0.2,0.3,0.3,0.9,0.05,0.0%
Jair Cunha,DEF,4.3,6,0.2,0.1,0.1,0.4,0.9,0.05,0.0%
Kusi-Asare,FWD,4.5,1,0.1,0.3,0.3,0.2,0.8,0.05,0.0%
Jörgensen,GK,4.3,2,0.1,0.2,0.3,0.2,0.8,0.05,0.0%
Dowman,MID,4.3,2,0.2,0.1,0.3,0.2,0.8,0.05,0.0%
Worrall,DEF,3.9,3,0.1,0.2,0.3,0.3,0.8,0.05,0.0%
Hjelde,DEF,4.0,0,0.0,0.2,0.4,0.2,0.8,0.05,0.0%
Trafford,GK,4.6,0,0.0,0.3,0.2,0.3,0.8,0.04,0.0%
O'Nien,DEF,4.0,0,0.0,0.0,0.0,0.8,0.8,0.05,0.0%
Adingra,MID,5.0,14,0.8,0.0,0.0,0.0,0.8,0.04,0.0%
Josh Dasilva,MID,99.9,1,0.1,0.1,0.2,0.3,0.8,0.00,0.0%
Chiwome,FWD,4.4,0,0.0,0.2,0.3,0.3,0.7,0.04,0.0%
Fraser,FWD,4.3,0,0.0,0.2,0.3,0.2,0.7,0.04,0.4%
G.Jesus,FWD,6.4,1,0.2,0.2,0.2,0.2,0.7,0.03,0.0%
George,MID,4.9,2,0.2,0.2,0.0,0.2,0.7,0.04,0.0%
Jimoh-Aloba,MID,4.5,0,0.0,0.2,0.2,0.2,0.7,0.04,0.0%
Welch,DEF,3.8,2,0.1,0.2,0.1,0.3,0.6,0.04,0.0%
Masuaku,DEF,3.9,15,0.6,0.0,0.0,0.0,0.6,0.04,0.0%
Bayindir,GK,4.8,2,0.1,0.2,0.1,0.2,0.6,0.03,0.0%
Abbott,DEF,3.9,4,0.1,0.1,0.1,0.2,0.6,0.04,0.0%
Mukasa,MID,4.4,0,0.0,0.1,0.3,0.2,0.6,0.03,0.0%
Pembele,DEF,3.9,1,0.1,0.2,0.3,0.1,0.6,0.04,0.0%
Arrizabalaga,GK,4.2,1,0.1,0.1,0.2,0.2,0.6,0.03,0.0%
Uche,FWD,5.5,10,0.6,0.0,0.0,0.0,0.6,0.03,0.0%
Maghoma,MID,4.5,0,0.0,0.1,0.2,0.3,0.5,0.03,0.0%
D.Leon,DEF,4.2,0,0.0,0.2,0.2,0.2,0.5,0.03,0.0%
Kinsky,GK,3.9,3,0.1,0.1,0.1,0.2,0.5,0.03,0.1%
Alese,DEF,4.0,0,0.0,0.1,0.3,0.1,0.5,0.03,0.0%
John,GK,4.0,1,0.1,0.1,0.2,0.2,0.5,0.03,0.0%
Ahamada,MID,4.4,0,0.0,0.1,0.2,0.3,0.5,0.03,0.0%
Gonzalez,MID,4.3,0,0.0,0.1,0.2,0.1,0.5,0.03,0.0%
Benitez,GK,4.0,0,0.0,0.1,0.2,0.2,0.5,0.03,0.0%
M.Bizot,GK,4.3,1,0.1,0.2,0.1,0.1,0.5,0.03,0.0%
Delcroix,DEF,3.8,7,0.2,0.0,0.1,0.0,0.4,0.03,0.0%
Trésor,MID,4.4,0,0.0,0.1,0.1,0.2,0.4,0.03,0.0%
Steele,GK,4.3,0,0.0,0.1,0.1,0.2,0.4,0.03,0.0%
Dragusin,DEF,4.5,2,0.1,0.1,0.1,0.2,0.4,0.02,0.0%
Hermansen,GK,4.3,2,0.1,0.1,0.2,0.1,0.4,0.03,0.0%
Lecomte,GK,3.9,0,0.0,0.1,0.1,0.2,0.4,0.03,0.1%
Bajcetic,MID,4.3,0,0.0,0.0,0.2,0.2,0.4,0.02,0.0%
Davies,DEF,4.3,0,0.0,0.0,0.1,0.2,0.4,0.02,0.0%
Onyeka,MID,4.8,6,0.3,0.0,0.0,0.0,0.3,0.02,0.0%
José Sá,GK,4.3,1,0.0,0.1,0.1,0.1,0.3,0.02,0.0%
Munetsi,MID,5.4,32,0.3,0.0,0.0,0.0,0.3,0.02,0.0%
Patterson,GK,4.3,1,0.1,0.0,0.1,0.1,0.3,0.02,0.0%
Bevan,DEF,3.9,2,0.1,0.1,0.1,0.1,0.3,0.02,0.0%
Dennis,GK,4.0,0,0.0,0.1,0.1,0.1,0.3,0.02,0.0%
D.Essugo,MID,4.3,0,0.0,0.1,0.1,0.0,0.2,0.01,0.0%
Valdimarsson,GK,3.9,0,0.0,0.0,0.1,0.1,0.2,0.01,0.1%
Darlow,GK,3.9,1,0.1,0.0,0.1,0.0,0.2,0.01,0.0%
Abdullahi,FWD,4.3,0,0.0,0.1,0.0,0.1,0.2,0.01,0.2%
Krafth,DEF,4.3,0,0.0,0.0,0.1,0.1,0.2,0.01,0.0%
J.Araujo,DEF,3.8,0,0.0,0.0,0.1,0.1,0.2,0.01,0.0%
Weiss,GK,4.3,1,0.1,0.1,0.0,0.1,0.2,0.01,0.0%
R.Williams,DEF,3.8,1,0.1,0.1,0.1,0.0,0.2,0.01,0.0%
Olusesi,MID,4.3,0,0.0,0.0,0.0,0.2,0.2,0.01,0.0%
J.Fletcher,MID,4.3,0,0.0,0.0,0.1,0.1,0.2,0.01,0.0%
Phillips,MID,4.8,0,0.0,0.0,0.1,0.1,0.2,0.01,0.0%
Ashby,DEF,3.9,1,0.1,0.1,0.0,0.0,0.2,0.01,0.0%
Mings,DEF,4.3,0,0.0,0.0,0.0,0.1,0.1,0.01,0.0%
Kporha,DEF,4.0,0,0.0,0.0,0.1,0.1,0.1,0.01,0.0%
Pond,DEF,3.9,0,0.0,0.1,0.0,0.0,0.1,0.01,0.0%
A.Murphy,DEF,3.8,0,0.0,0.1,0.1,0.0,0.1,0.01,0.0%
Cardines,MID,4.4,0,0.0,0.1,0.0,0.0,0.1,0.01,0.0%
Ebere,MID,4.4,0,0.0,0.1,0.0,0.0,0.1,0.01,0.0%
Akinmboni,DEF,3.9,0,0.0,0.0,0.1,0.1,0.1,0.01,0.0%
Bates,MID,4.4,0,0.0,0.0,0.1,0.0,0.1,0.01,0.0%
Campbell,DEF,3.9,0,0.0,0.0,0.0,0.1,0.1,0.01,0.0%
Travers,GK,4.4,0,0.0,0.0,0.1,0.1,0.1,0.01,0.0%
Lascelles,DEF,4.3,1,0.1,0.0,0.0,0.0,0.1,0.01,0.0%
Fitzgerald,MID,4.4,0,0.0,0.0,0.1,0.0,0.1,0.01,0.0%
Konak,MID,4.3,0,0.0,0.0,0.0,0.1,0.1,0.00,0.0%
Coleman,DEF,4.3,0,0.0,0.0,0.0,0.1,0.1,0.00,0.0%
John Ruddy,GK,99.9,0,0.0,0.1,0.0,0.0,0.1,0.00,0.0%
Clarke,DEF,3.8,1,0.1,0.0,0.0,0.0,0.1,0.00,0.0%
Anderson,DEF,3.9,0,0.0,0.1,0.0,0.0,0.1,0.00,0.0%
Humphreys,DEF,3.9,0,0.0,0.0,0.0,0.0,0.0,0.00,0.0%
Dixon,DEF,3.8,0,0.0,0.0,0.0,0.0,0.0,0.00,0.0%
Hein,GK,4.0,0,0.0,0.0,0.0,0.0,0.0,0.00,0.0%
Setford,GK,3.9,0,0.0,0.0,0.0,0.0,0.0,0.00,0.0%
Kiwior,DEF,5.4,0,0.0,0.0,0.0,0.0,0.0,0.00,0.0%
Kacurri,DEF,3.9,0,0.0,0.0,0.0,0.0,0.0,0.00,0.0%
Nichols,DEF,3.8,0,0.0,0.0,0.0,0.0,0.0,0.00,0.0%
Fábio Vieira,MID,5.4,0,0.0,0.0,0.0,0.0,0.0,0.00,0.0%
Kabia,MID,4.5,0,0.0,0.0,0.0,0.0,0.0,0.00,0.0%
Sambi,MID,4.5,0,0.0,0.0,0.0,0.0,0.0,0.00,0.0%
Gauci,GK,4.0,0,0.0,0.0,0.0,0.0,0.0,0.00,0.0%
Marschall,GK,4.0,0,0.0,0.0,0.0,0.0,0.0,0.00,0.0%
Alex Moreno,DEF,4.0,0,0.0,0.0,0.0,0.0,0.0,0.00,0.0%
Sousa,DEF,3.9,0,0.0,0.0,0.0,0.0,0.0,0.00,0.0%
Yasin,DEF,4.0,0,0.0,0.0,0.0,0.0,0.0,0.00,0.0%
Bailey,MID,5.5,0,0.0,0.0,0.0,0.0,0.0,0.00,0.0%
Iling Jr,MID,5.5,0,0.0,0.0,0.0,0.0,0.0,0.00,0.0%
Barkley,MID,4.8,0,0.0,0.0,0.0,0.0,0.0,0.00,0.0%
Barrenechea,MID,5.0,0,0.0,0.0,0.0,0.0,0.0,0.00,0.0%
Dobbin,MID,5.0,0,0.0,0.0,0.0,0.0,0.0,0.00,0.0%
Broggio,MID,4.5,0,0.0,0.0,0.0,0.0,0.0,0.00,0.0%
Dendoncker,MID,4.5,0,0.0,0.0,0.0,0.0,0.0,0.00,0.0%
Young,MID,4.4,0,0.0,0.0,0.0,0.0,0.0,0.00,0.0%
Redmond,FWD,4.5,0,0.0,0.0,0.0,0.0,0.0,0.00,0.0%
Neto,GK,4.5,0,0.0,0.0,0.0,0.0,0.0,0.00,0.0%
McKenna,GK,4.0,0,0.0,0.0,0.0,0.0,0.0,0.00,0.0%
Paulsen,GK,4.0,0,0.0,0.0,0.0,0.0,0.0,0.00,0.0%
Zabarnyi,DEF,5.0,0,0.0,0.0,0.0,0.0,0.0,0.00,0.0%
Mepham,DEF,4.0,0,0.0,0.0,0.0,0.0,0.0,0.00,0.0%
Philip,MID,4.9,0,0.0,0.0,0.0,0.0,0.0,0.00,0.0%
Sinisterra,MID,5.0,0,0.0,0.0,0.0,0.0,0.0,0.00,0.0%
Faivre,MID,4.5,0,0.0,0.0,0.0,0.0,0.0,0.00,0.0%
H.Traorè,MID,4.5,0,0.0,0.0,0.0,0.0,0.0,0.00,0.0%
Sadi,MID,4.5,0,0.0,0.0,0.0,0.0,0.0,0.00,0.0%
Silcott-Duberry,MID,4.4,0,0.0,0.0,0.0,0.0,0.0,0.00,0.0%
Winterburn,MID,4.5,0,0.0,0.0,0.0,0.0,0.0,0.00,0.0%
Adu-Adjei,FWD,4.4,0,0.0,0.0,0.0,0.0,0.0,0.00,0.0%
Balcombe,GK,4.0,0,0.0,0.0,0.0,0.0,0.0,0.00,0.0%
Cox,GK,4.0,0,0.0,0.0,0.0,0.0,0.0,0.00,0.0%
Eyestone,GK,3.9,0,0.0,0.0,0.0,0.0,0.0,0.00,0.0%
Roerslev,DEF,4.5,0,0.0,0.0,0.0,0.0,0.0,0.00,0.0%
Arthur,DEF,3.9,0,0.0,0.0,0.0,0.0,0.0,0.00,0.0%
Fredrick,DEF,4.0,0,0.0,0.0,0.0,0.0,0.0,0.00,0.0%
Ji-soo,DEF,3.9,0,0.0,0.0,0.0,0.0,0.0,0.00,0.0%
Meghoma,DEF,4.0,0,0.0,0.0,0.0,0.0,0.0,0.00,0.0%
Milambo,MID,5.2,0,0.0,0.0,0.0,0.0,0.0,0.00,0.0%
Carvalho,MID,4.8,0,0.0,0.0,0.0,0.0,0.0,0.00,0.0%
Donovan,MID,4.4,0,0.0,0.0,0.0,0.0,0.0,0.00,0.0%
Trevitt,MID,4.5,0,0.0,0.0,0.0,0.0,0.0,0.00,0.0%
Morgan,FWD,4.4,0,0.0,0.0,0.0,0.0,0.0,0.00,0.1%
McGill,GK,4.0,0,0.0,0.0,0.0,0.0,0.0,0.00,0.0%
Rushworth,GK,4.0,0,0.0,0.0,0.0,0.0,0.0,0.00,0.0%
Scherpen,GK,4.0,0,0.0,0.0,0.0,0.0,0.0,0.00,0.0%
Estupiñan,DEF,4.5,0,0.0,0.0,0.0,0.0,0.0,0.00,0.0%
Lamptey,DEF,4.4,0,0.0,0.0,0.0,0.0,0.0,0.00,0.0%
Webster,DEF,4.4,0,0.0,0.0,0.0,0.0,0.0,0.00,0.0%
Cashin,DEF,4.0,0,0.0,0.0,0.0,0.0,0.0,0.00,0.0%
Slater,DEF,4.0,0,0.0,0.0,0.0,0.0,0.0,0.00,0.0%
Tasker,DEF,3.9,0,0.0,0.0,0.0,0.0,0.0,0.00,0.0%
Enciso,MID,5.4,0,0.0,0.0,0.0,0.0,0.0,0.00,0.0%
O'Riley,MID,5.5,0,0.0,0.0,0.0,0.0,0.0,0.00,0.0%
Sima,MID,5.4,0,0.0,0.0,0.0,0.0,0.0,0.00,0.0%
Sarmiento,MID,4.9,0,0.0,0.0,0.0,0.0,0.0,0.00,0.0%
Yalcouye,MID,5.0,0,0.0,0.0,0.0,0.0,0.0,0.00,0.0%
Knight,MID,4.5,0,0.0,0.0,0.0,0.0,0.0,0.00,0.0%
Mazilu,MID,4.5,0,0.0,0.0,0.0,0.0,0.0,0.00,0.0%
Moran,MID,4.5,0,0.0,0.0,0.0,0.0,0.0,0.00,0.0%
Ferguson,FWD,5.5,0,0.0,0.0,0.0,0.0,0.0,0.00,0.0%
Tzimas,FWD,5.3,0,0.0,0.0,0.0,0.0,0.0,0.00,0.0%
Green,GK,4.0,0,0.0,0.0,0.0,0.0,0.0,0.00,0.0%
Hladký,GK,3.9,0,0.0,0.0,0.0,0.0,0.0,0.00,0.0%
Roberts,DEF,4.4,0,0.0,0.0,0.0,0.0,0.0,0.00,0.0%
Dodgson,DEF,4.0,0,0.0,0.0,0.0,0.0,0.0,0.00,0.0%
Jordan,DEF,4.0,0,0.0,0.0,0.0,0.0,0.0,0.00,0.0%
Sambo,DEF,4.0,0,0.0,0.0,0.0,0.0,0.0,0.00,0.0%
Benson,MID,5.4,0,0.0,0.0,0.0,0.0,0.0,0.00,0.0%
Boateng,MID,4.8,0,0.0,0.0,0.0,0.0,0.0,0.00,0.0%
Churlinov,MID,4.9,0,0.0,0.0,0.0,0.0,0.0,0.00,0.0%
Hannibal,MID,4.8,0,0.0,0.0,0.0,0.0,0.0,0.00,0.0%
Koleosho,MID,5.0,0,0.0,0.0,0.0,0.0,0.0,0.00,0.0%
A.Ramsey,MID,4.4,0,0.0,0.0,0.0,0.0,0.0,0.00,0.0%
Adewumi,MID,4.5,0,0.0,0.0,0.0,0.0,0.0,0.00,0.0%
Banel,MID,4.5,0,0.0,0.0,0.0,0.0,0.0,0.00,0.0%
Amdouni,FWD,4.8,0,0.0,0.0,0.0,0.0,0.0,0.00,0.0%
Obafemi,FWD,4.4,0,0.0,0.0,0.0,0.0,0.0,0.00,0.0%
Penders,GK,4.0,0,0.0,0.0,0.0,0.0,0.0,0.00,0.0%
Slonina,GK,3.9,0,0.0,0.0,0.0,0.0,0.0,0.00,0.0%
Colwill,DEF,4.8,0,0.0,0.0,0.0,0.0,0.0,0.00,0.0%
M.Sarr,DEF,4.5,0,0.0,0.0,0.0,0.0,0.0,0.00,0.0%
Anselmino,DEF,4.0,0,0.0,0.0,0.0,0.0,0.0,0.00,0.0%
Nkunku,MID,5.9,0,0.0,0.0,0.0,0.0,0.0,0.00,0.0%
Mudryk,MID,4.9,0,0.0,0.0,0.0,0.0,0.0,0.00,0.0%
Paez,MID,4.5,0,0.0,0.0,0.0,0.0,0.0,0.00,0.0%
N.Jackson,FWD,6.5,0,0.0,0.0,0.0,0.0,0.0,0.00,0.0%
Matthews,GK,3.9,0,0.0,0.0,0.0,0.0,0.0,0.00,0.0%
Chadi Riad,DEF,4.0,0,0.0,0.0,0.0,0.0,0.0,0.00,0.0%
Holding,DEF,4.0,0,0.0,0.0,0.0,0.0,0.0,0.00,0.0%
Doucouré,MID,4.9,0,0.0,0.0,0.0,0.0,0.0,0.00,0.0%
Agbinone,MID,4.4,0,0.0,0.0,0.0,0.0,0.0,0.00,0.0%
Ebiowei,MID,4.5,0,0.0,0.0,0.0,0.0,0.0,0.00,0.0%
J.Rak-Sakyi,MID,4.4,0,0.0,0.0,0.0,0.0,0.0,0.00,0.0%
M.França,MID,4.5,0,0.0,0.0,0.0,0.0,0.0,0.00,0.0%
Ozoh,MID,4.5,0,0.0,0.0,0.0,0.0,0.0,0.00,0.0%
Rodney,MID,4.4,0,0.0,0.0,0.0,0.0,0.0,0.00,0.0%
Umeh,MID,4.5,0,0.0,0.0,0.0,0.0,0.0,0.00,0.0%
Édouard,FWD,5.0,0,0.0,0.0,0.0,0.0,0.0,0.00,0.0%
Marsh,FWD,4.5,0,0.0,0.0,0.0,0.0,0.0,0.00,0.0%
Tyrer,GK,3.9,0,0.0,0.0,0.0,0.0,0.0,0.00,0.1%
Branthwaite,DEF,5.3,0,0.0,0.0,0.0,0.0,0.0,0.00,0.0%
Armstrong,MID,4.5,0,0.0,0.0,0.0,0.0,0.0,0.00,0.0%
Heath,MID,4.5,0,0.0,0.0,0.0,0.0,0.0,0.00,0.0%
Metcalfe,MID,4.5,0,0.0,0.0,0.0,0.0,0.0,0.00,0.0%
Y.Chermiti,FWD,4.9,0,0.0,0.0,0.0,0.0,0.0,0.00,0.0%
Sherif,FWD,4.4,0,0.0,0.0,0.0,0.0,0.0,0.00,0.0%
Benda,GK,4.0,0,0.0,0.0,0.0,0.0,0.0,0.00,0.0%
Amissah,DEF,3.8,0,0.0,0.0,0.0,0.0,0.0,0.00,0.0%
Andreas,MID,5.3,0,0.0,0.0,0.0,0.0,0.0,0.00,0.0%
Godo,MID,4.5,0,0.0,0.0,0.0,0.0,0.0,0.00,0.0%
Harris,MID,4.5,0,0.0,0.0,0.0,0.0,0.0,0.00,0.0%
Meslier,GK,4.2,0,0.0,0.0,0.0,0.0,0.0,0.00,0.0%
Cairns,GK,3.9,0,0.0,0.0,0.0,0.0,0.0,0.00,0.0%
Schmidt,DEF,4.0,0,0.0,0.0,0.0,0.0,0.0,0.00,0.0%
James,MID,5.3,0,0.0,0.0,0.0,0.0,0.0,0.00,0.0%
Greenwood,MID,4.9,0,0.0,0.0,0.0,0.0,0.0,0.00,0.0%
Ramazani,MID,4.9,0,0.0,0.0,0.0,0.0,0.0,0.00,0.0%
Crew,MID,4.5,0,0.0,0.0,0.0,0.0,0.0,0.00,0.0%
Gelhardt,MID,4.5,0,0.0,0.0,0.0,0.0,0.0,0.00,0.0%
Gyabi,MID,4.5,0,0.0,0.0,0.0,0.0,0.0,0.00,0.0%
Bamford,FWD,4.9,0,0.0,0.0,0.0,0.0,0.0,0.00,0.0%
Mateo Joseph,FWD,5.0,0,0.0,0.0,0.0,0.0,0.0,0.00,0.0%
Pécsi,GK,3.9,0,0.0,0.0,0.0,0.0,0.0,0.00,0.1%
Woodman,GK,3.9,0,0.0,0.0,0.0,0.0,0.0,0.00,0.0%
Tsimikas,DEF,4.8,0,0.0,0.0,0.0,0.0,0.0,0.00,0.0%
Nallo,DEF,3.8,0,0.0,0.0,0.0,0.0,0.0,0.00,0.0%
Ramsay,DEF,3.8,0,0.0,0.0,0.0,0.0,0.0,0.00,0.0%
Luis Díaz,MID,8.0,0,0.0,0.0,0.0,0.0,0.0,0.00,0.0%
Gannon-Doak,MID,4.9,0,0.0,0.0,0.0,0.0,0.0,0.00,0.0%
McConnell,MID,4.4,0,0.0,0.0,0.0,0.0,0.0,0.00,0.0%
Morton,MID,4.5,0,0.0,0.0,0.0,0.0,0.0,0.00,0.0%
Nyoni,MID,4.3,0,0.0,0.0,0.0,0.0,0.0,0.00,0.0%
Darwin,FWD,6.5,0,0.0,0.0,0.0,0.0,0.0,0.00,0.0%
Danns,FWD,4.3,0,0.0,0.0,0.0,0.0,0.0,0.00,0.0%
Ederson M.,GK,5.3,0,0.0,0.0,0.0,0.0,0.0,0.00,0.0%
Ortega Moreno,GK,4.8,0,0.0,0.0,0.0,0.0,0.0,0.00,0.0%
Bettinelli,GK,3.9,0,0.0,0.0,0.0,0.0,0.0,0.00,0.0%
Akanji,DEF,5.4,0,0.0,0.0,0.0,0.0,0.0,0.00,0.0%
Vitor Reis,DEF,5.0,0,0.0,0.0,0.0,0.0,0.0,0.00,0.0%
Gündoğan,MID,6.3,0,0.0,0.0,0.0,0.0,0.0,0.00,0.0%
Kovačić,MID,5.9,0,0.0,0.0,0.0,0.0,0.0,0.00,0.0%
Echeverri,MID,5.4,0,0.0,0.0,0.0,0.0,0.0,0.00,0.0%
Nypan,MID,5.0,0,0.0,0.0,0.0,0.0,0.0,0.00,0.0%
Onana,GK,4.9,0,0.0,0.0,0.0,0.0,0.0,0.00,0.0%
Harrison,GK,4.0,0,0.0,0.0,0.0,0.0,0.0,0.00,0.0%
Heaton,GK,3.9,0,0.0,0.0,0.0,0.0,0.0,0.00,0.0%
Mee,GK,3.9,0,0.0,0.0,0.0,0.0,0.0,0.00,0.0%
Amass,DEF,4.0,0,0.0,0.0,0.0,0.0,0.0,0.00,0.0%
Fredricson,DEF,3.8,0,0.0,0.0,0.0,0.0,0.0,0.00,0.0%
Rashford,MID,7.0,0,0.0,0.0,0.0,0.0,0.0,0.00,0.2%
Antony,MID,5.9,0,0.0,0.0,0.0,0.0,0.0,0.00,0.0%
Collyer,MID,4.5,0,0.0,0.0,0.0,0.0,0.0,0.00,0.0%
Moorhouse,MID,4.5,0,0.0,0.0,0.0,0.0,0.0,0.00,0.0%
Højlund,FWD,6.3,0,0.0,0.0,0.0,0.0,0.0,0.00,0.0%
Wheatley,FWD,4.5,0,0.0,0.0,0.0,0.0,0.0,0.00,0.0%
Gillespie,GK,3.9,0,0.0,0.0,0.0,0.0,0.0,0.00,0.0%
Odysseas,GK,4.0,0,0.0,0.0,0.0,0.0,0.0,0.00,0.0%
Pivas,DEF,3.8,0,0.0,0.0,0.0,0.0,0.0,0.00,0.0%
Targett,DEF,4.0,0,0.0,0.0,0.0,0.0,0.0,0.00,0.0%
Antoñito C.,MID,4.9,0,0.0,0.0,0.0,0.0,0.0,0.00,0.0%
Hayden,MID,4.5,0,0.0,0.0,0.0,0.0,0.0,0.00,0.0%
Kuol,MID,4.4,0,0.0,0.0,0.0,0.0,0.0,0.00,0.0%
White,MID,4.5,0,0.0,0.0,0.0,0.0,0.0,0.00,0.0%
Neave,FWD,4.4,0,0.0,0.0,0.0,0.0,0.0,0.00,0.0%
C.Miguel,GK,4.0,0,0.0,0.0,0.0,0.0,0.0,0.00,0.0%
Turner,GK,4.0,0,0.0,0.0,0.0,0.0,0.0,0.00,0.0%
Aina,DEF,4.7,0,0.0,0.0,0.0,0.0,0.0,0.00,0.0%
David Carmo,DEF,4.5,0,0.0,0.0,0.0,0.0,0.0,0.00,0.0%
O.Richards,DEF,4.5,0,0.0,0.0,0.0,0.0,0.0,0.00,0.0%
Boly,DEF,3.9,0,0.0,0.0,0.0,0.0,0.0,0.00,0.0%
Jota,MID,5.4,0,0.0,0.0,0.0,0.0,0.0,0.00,0.0%
O'Brien,MID,5.0,0,0.0,0.0,0.0,0.0,0.0,0.00,0.0%
Da Silva Moreira,MID,4.5,0,0.0,0.0,0.0,0.0,0.0,0.00,0.0%
Stamenic,MID,4.5,0,0.0,0.0,0.0,0.0,0.0,0.00,0.0%
Awoniyi,FWD,5.2,0,0.0,0.0,0.0,0.0,0.0,0.00,0.0%
Moore,GK,3.9,0,0.0,0.0,0.0,0.0,0.0,0.00,0.1%
Nna Noukeu,GK,3.9,0,0.0,0.0,0.0,0.0,0.0,0.00,0.0%
Huggins,DEF,4.0,0,0.0,0.0,0.0,0.0,0.0,0.00,0.0%
Johnson,DEF,3.9,0,0.0,0.0,0.0,0.0,0.0,0.00,0.0%
Seelt,DEF,4.0,0,0.0,0.0,0.0,0.0,0.0,0.00,0.0%
Roberts,MID,5.4,0,0.0,0.0,0.0,0.0,0.0,0.00,0.0%
Aleksić,MID,4.9,0,0.0,0.0,0.0,0.0,0.0,0.00,0.0%
Browne,MID,4.5,0,0.0,0.0,0.0,0.0,0.0,0.00,0.0%
Ekwah,MID,4.5,0,0.0,0.0,0.0,0.0,0.0,0.00,0.0%
H.Jones,MID,4.4,0,0.0,0.0,0.0,0.0,0.0,0.00,0.0%
Triantis,MID,4.4,0,0.0,0.0,0.0,0.0,0.0,0.00,0.0%
Luís Hemir,FWD,4.4,0,0.0,0.0,0.0,0.0,0.0,0.00,0.0%
Rusyn,FWD,4.4,0,0.0,0.0,0.0,0.0,0.0,0.00,0.0%
Austin,GK,3.9,0,0.0,0.0,0.0,0.0,0.0,0.00,0.0%
Phillips,DEF,4.0,0,0.0,0.0,0.0,0.0,0.0,0.00,0.0%
Takai,DEF,4.0,0,0.0,0.0,0.0,0.0,0.0,0.00,0.0%
Vuskovic,DEF,3.9,0,0.0,0.0,0.0,0.0,0.0,0.00,0.0%
Son,MID,8.5,0,0.0,0.0,0.0,0.0,0.0,0.00,0.0%
Maddison,MID,6.8,0,0.0,0.0,0.0,0.0,0.0,0.00,0.0%
Bissouma,MID,5.2,0,0.0,0.0,0.0,0.0,0.0,0.00,0.0%
Solomon,MID,5.4,0,0.0,0.0,0.0,0.0,0.0,0.00,0.0%
Bryan,MID,4.9,0,0.0,0.0,0.0,0.0,0.0,0.00,0.0%
Moore,MID,5.0,0,0.0,0.0,0.0,0.0,0.0,0.00,0.0%
Min-hyeok,MID,4.5,0,0.0,0.0,0.0,0.0,0.0,0.00,0.0%
Lankshear,FWD,4.5,0,0.0,0.0,0.0,0.0,0.0,0.00,0.0%
Scarlett,FWD,4.3,0,0.0,0.0,0.0,0.0,0.0,0.00,0.0%
Foderingham,GK,4.0,0,0.0,0.0,0.0,0.0,0.0,0.00,0.0%
Hegyi,GK,3.9,0,0.0,0.0,0.0,0.0,0.0,0.00,0.0%
Emerson,DEF,4.4,0,0.0,0.0,0.0,0.0,0.0,0.00,0.0%
N.Aguerd,DEF,4.4,0,0.0,0.0,0.0,0.0,0.0,0.00,0.0%
Casey,DEF,4.0,0,0.0,0.0,0.0,0.0,0.0,0.00,0.0%
Ward-Prowse,MID,5.6,0,0.0,0.0,0.0,0.0,0.0,0.00,0.0%
Álvarez,MID,4.9,0,0.0,0.0,0.0,0.0,0.0,0.00,0.0%
Cornet,MID,4.9,0,0.0,0.0,0.0,0.0,0.0,0.00,0.0%
Earthy,MID,4.5,0,0.0,0.0,0.0,0.0,0.0,0.00,0.0%
Orford,MID,4.4,0,0.0,0.0,0.0,0.0,0.0,0.00,0.0%
Bentley,GK,4.0,0,0.0,0.0,0.0,0.0,0.0,0.00,0.0%
King,GK,3.9,0,0.0,0.0,0.0,0.0,0.0,0.00,0.0%
R.Gomes,DEF,4.4,0,0.0,0.0,0.0,0.0,0.0,0.00,0.0%
Meupiyou,DEF,4.0,0,0.0,0.0,0.0,0.0,0.0,0.00,0.0%
Pedro Lima,DEF,4.0,0,0.0,0.0,0.0,0.0,0.0,0.00,0.0%
Guedes,MID,5.5,0,0.0,0.0,0.0,0.0,0.0,0.00,0.0%
B.Traore,MID,5.0,0,0.0,0.0,0.0,0.0,0.0,0.00,0.0%
Hodge,MID,4.5,0,0.0,0.0,0.0,0.0,0.0,0.00,0.0%
Fábio Silva,FWD,4.9,0,0.0,0.0,0.0,0.0,0.0,0.00,0.0%
Kalajdžić,FWD,4.9,0,0.0,0.0,0.0,0.0,0.0,0.00,0.0%
Mosquera,DEF,5.4,0,0.0,0.0,0.0,0.0,0.0,0.00,0.0%
Gunn,GK,4.0,0,0.0,0.0,0.0,0.0,0.0,0.00,0.0%
Rees-Dottin,MID,4.4,0,0.0,0.0,0.0,0.0,0.0,0.00,0.0%
Wright,GK,3.9,0,0.0,0.0,0.0,0.0,0.0,0.00,0.0%
Seung soo,MID,4.4,0,0.0,0.0,0.0,0.0,0.0,0.00,0.0%
Leoni,DEF,4.9,0,0.0,0.0,0.0,0.0,0.0,0.00,0.0%
Rowe,DEF,4.0,0,0.0,0.0,0.0,0.0,0.0,0.00,0.0%
Burrowes,MID,4.4,0,0.0,0.0,0.0,0.0,0.0,0.00,0.0%
Proctor,GK,3.9,0,0.0,0.0,0.0,0.0,0.0,0.00,0.0%
Onyango,MID,4.5,0,0.0,0.0,0.0,0.0,0.0,0.00,0.0%
Patterson,DEF,3.9,0,0.0,0.0,0.0,0.0,0.0,0.00,0.0%
Harriman-Annous,MID,4.5,0,0.0,0.0,0.0,0.0,0.0,0.00,0.0%
Milosavljević,DEF,4.5,0,0.0,0.0,0.0,0.0,0.0,0.00,0.1%
Cuiabano,DEF,4.5,0,0.0,0.0,0.0,0.0,0.0,0.00,0.0%
Fabianski,GK,4.5,0,0.0,0.0,0.0,0.0,0.0,0.00,0.0%
Mfuni,DEF,4.0,0,0.0,0.0,0.0,0.0,0.0,0.00,0.0%
Gray,FWD,4.5,0,0.0,0.0,0.0,0.0,0.0,0.00,0.0%
McAidoo,MID,4.5,0,0.0,0.0,0.0,0.0,0.0,0.00,0.0%
Emenalo,MID,4.5,0,0.0,0.0,0.0,0.0,0.0,0.00,0.0%
Oriola,MID,4.5,0,0.0,0.0,0.0,0.0,0.0,0.00,0.0%
Byfield,DEF,4.0,0,0.0,0.0,0.0,0.0,0.0,0.00,0.0%
Morrison,MID,4.5,0,0.0,0.0,0.0,0.0,0.0,0.00,0.0%
Axel Disasi,DEF,99.9,0,0.0,0.0,0.0,0.0,0.0,0.00,0.0%
Raheem Sterling,FWD,99.9,0,0.0,0.0,0.0,0.0,0.0,0.00,0.0%
Sam Chambers,MID,99.9,0,0.0,0.0,0.0,0.0,0.0,0.00,0.0%
Max Thompson,GK,99.9,0,0.0,0.0,0.0,0.0,0.0,0.00,0.0%
