Name,Position,Price,xMins,GW6,GW7,GW8,GW9,Total,/£M,Elite%
Haaland,FWD,14.2,84,84,81,77,75,317,5.6,3.8%
M.Salah,MID,14.5,82,82,85,82,79,328,5.7,98.5%
Palmer,MID,10.4,76,76,73,80,82,311,7.5,3.9%
B.Fernandes,MID,9.0,86,86,86,86,86,344,9.6,89.4%
Gyökeres,FWD,9.0,74,74,74,69,66,283,7.9,66.4%
Saka,MID,9.8,82,60,78,81,77,296,7.6,0.1%
Watkins,FWD,8.8,82,82,77,77,79,315,8.9,38.2%
Semenyo,MID,7.6,86,86,82,79,81,328,10.8,25.3%
Ndiaye,MID,6.5,74,74,77,78,72,301,11.6,2.0%
Isak,FWD,10.5,50,50,80,74,73,277,6.6,0.0%
João Pedro,FWD,7.8,76,76,74,71,71,292,9.4,16.4%
Cunha,MID,8.0,66,66,77,74,76,293,9.2,0.7%
Gabriel,DEF,6.1,86,86,85,84,84,339,13.9,8.1%
Mbeumo,MID,8.1,82,82,71,76,75,304,9.4,0.7%
Rogers,MID,7.0,84,84,82,84,84,334,11.9,10.1%
Raya,GK,5.5,92,92,91,92,89,364,16.5,12.9%
Xavi,MID,7.0,77,77,72,76,68,293,10.5,0.1%
Evanilson,FWD,7.0,81,81,70,73,77,301,10.8,14.9%
Reijnders,MID,5.7,80,80,73,71,67,291,12.8,56.1%
Kudus,MID,6.6,74,74,72,70,70,286,10.8,7.3%
Virgil,DEF,6.1,87,87,83,81,82,333,13.6,23.7%
Donnarumma,GK,5.5,93,93,93,92,90,368,16.7,0.0%
Foden,MID,8.0,62,62,55,55,52,224,7.0,0.0%
Anderson,MID,5.5,85,85,82,79,81,327,14.9,23.9%
Rice,MID,6.5,80,80,78,75,73,306,11.8,0.2%
Gvardiol,DEF,5.8,80,80,78,74,72,304,13.1,0.2%
Wirtz,MID,8.3,74,74,68,65,66,273,8.2,62.5%
Senesi,DEF,4.7,87,87,82,82,84,335,17.8,16.6%
Enzo,MID,6.7,87,87,83,82,81,333,12.4,1.0%
Thiago,FWD,6.0,77,77,76,69,73,295,12.3,10.0%
Saliba,DEF,6.0,87,87,83,80,84,334,13.9,0.1%
Neto,MID,7.0,67,67,63,63,64,257,9.2,0.1%
Tarkowski,DEF,5.5,86,86,86,87,86,345,15.7,6.8%
Damsgaard,MID,5.9,83,83,80,78,81,322,13.6,0.0%
Schade,MID,7.0,74,74,70,74,69,287,10.3,0.0%
Gakpo,MID,7.7,69,69,64,59,63,255,8.3,11.4%
Romero,DEF,5.1,87,87,86,85,87,345,16.9,10.0%
Vicario,GK,5.1,93,93,92,90,89,364,17.8,8.5%
Mateta,FWD,7.6,73,73,67,69,70,279,9.2,71.9%
Mitoma,MID,6.4,80,80,77,76,77,310,12.1,4.4%
Ødegaard,MID,7.9,69,58,68,65,66,257,8.1,0.0%
Georginio,MID,5.8,72,72,69,70,67,278,12.0,21.2%
Wood,FWD,7.6,73,73,71,72,64,280,9.2,9.6%
Rodrigo,MID,6.4,82,82,83,81,83,329,12.9,0.1%
J.Timber,DEF,5.7,74,74,67,66,59,266,11.7,0.2%
Bowen,FWD,7.7,89,89,81,83,83,336,10.9,1.1%
Petrović,GK,4.5,91,91,91,92,91,365,20.3,4.2%
Pedro Porro,DEF,5.6,73,73,71,72,67,283,12.6,78.2%
Šeško,FWD,7.3,77,77,73,67,71,288,9.9,0.0%
Eze,MID,7.5,61,61,54,56,56,227,7.6,0.3%
Murillo,DEF,5.5,88,88,83,78,83,332,15.1,46.8%
L.Paquetá,MID,5.9,82,82,82,74,73,311,13.2,21.1%
Martinez,GK,5.0,93,93,91,93,90,367,18.4,0.0%
Stach,MID,5.0,83,83,82,79,79,323,16.1,6.4%
Strand Larsen,FWD,6.4,64,64,77,72,72,285,11.1,25.2%
Cucurella,DEF,6.2,78,78,76,75,75,304,12.3,1.0%
Caicedo,MID,5.6,86,86,84,82,84,336,15.0,0.2%
Minteh,MID,5.9,74,74,72,71,71,288,12.2,1.4%
Agbadou,DEF,4.5,89,89,85,82,83,339,18.8,5.7%
A.Becker,GK,5.5,91,91,89,86,80,346,15.7,0.4%
Pickford,GK,5.5,93,93,91,90,90,364,16.5,0.0%
Diakité,DEF,4.5,88,88,86,82,86,342,19.0,0.5%
Calafiori,DEF,5.7,66,66,58,58,52,234,10.3,0.5%
O.Dango,MID,6.0,71,71,73,66,70,280,11.7,3.5%
Dewsbury-Hall,MID,5.0,82,82,78,78,71,309,15.4,10.3%
Gordon,MID,7.4,66,66,64,61,60,251,8.5,0.0%
Truffert,DEF,4.5,88,88,84,84,80,336,18.7,0.1%
Tavernier,MID,5.5,68,68,60,63,61,252,11.5,0.1%
Mac Allister,MID,6.4,72,72,70,67,71,280,10.9,0.0%
Bruno G.,MID,6.5,83,83,81,81,84,329,12.7,0.4%
Konaté,DEF,5.5,81,81,78,78,75,312,14.2,0.0%
Joelinton,MID,5.9,79,79,80,75,74,308,13.1,0.0%
N.Williams,DEF,5.0,85,85,84,76,79,324,16.2,21.2%
Woltemade,FWD,7.0,74,74,74,62,55,265,9.5,1.7%
Cash,DEF,4.5,76,76,80,74,79,309,17.2,0.4%
Sels,GK,5.0,90,90,92,90,89,361,18.1,8.5%
Pope,GK,5.0,92,92,87,88,85,352,17.6,1.6%
Anthony,MID,5.5,76,76,74,74,74,298,13.5,0.0%
Kluivert,MID,7.0,43,43,57,60,59,219,7.8,0.1%
Gibbs-White,MID,7.5,71,71,69,71,66,277,9.2,0.2%
Van de Ven,DEF,4.7,84,84,85,80,80,329,17.5,12.6%
Milenković,DEF,5.5,88,88,85,87,81,341,15.5,1.8%
Tonali,MID,5.4,81,81,85,81,81,328,15.2,0.4%
Sánchez,GK,5.0,80,80,84,81,82,327,16.4,58.3%
Konsa,DEF,4.5,88,88,89,83,85,345,19.2,5.1%
Verbruggen,GK,4.5,93,93,93,92,91,369,20.5,5.3%
Andersen,DEF,4.5,90,90,90,85,89,354,19.7,85.4%
Dorgu,DEF,4.5,75,75,72,71,66,284,15.8,12.0%
Zubimendi,MID,5.4,83,83,81,79,77,320,14.8,0.0%
Roefs,GK,4.5,93,93,91,90,91,365,20.3,0.0%
Bogle,DEF,4.5,84,84,78,76,77,315,17.5,0.0%
Gravenberch,MID,5.5,82,82,78,78,76,314,14.3,0.0%
Frimpong,DEF,5.9,54,54,70,69,71,264,11.2,0.0%
Kelleher,GK,4.5,92,92,92,92,93,369,20.5,2.3%
Collins,DEF,5.0,89,89,86,87,82,344,17.2,0.0%
Rodon,DEF,4.0,87,87,82,83,83,335,20.9,7.8%
Henderson,GK,5.0,91,91,91,90,90,362,18.1,0.1%
Iwobi,MID,6.5,76,76,74,75,74,299,11.5,0.0%
Gomes,MID,5.4,84,84,82,80,74,320,14.8,0.0%
Yeremy,MID,6.0,77,77,71,70,66,284,11.8,0.0%
Rúben,DEF,5.5,75,75,77,70,65,287,13.0,0.0%
Lacroix,DEF,5.1,88,88,81,82,82,333,16.3,26.2%
Mykolenko,DEF,4.9,85,85,78,78,79,320,16.3,0.0%
Dúbravka,GK,4.0,92,92,90,90,91,363,22.7,95.5%
Sarr,MID,6.5,85,35,75,80,79,269,10.3,8.1%
Leno,GK,5.0,91,91,92,91,90,364,18.2,0.0%
J.Arias,MID,5.3,61,61,61,60,60,242,11.4,0.3%
Muñoz,DEF,5.6,85,85,86,82,80,333,14.9,24.7%
Lammens,GK,5.0,71,71,85,89,85,330,16.5,0.0%
Gudmundsson,DEF,4.0,81,81,78,75,76,310,19.4,7.1%
De Ligt,DEF,5.0,81,81,77,76,73,307,15.3,0.0%
Toti,DEF,4.4,86,86,87,84,82,339,19.3,0.0%
Hermansen,GK,4.5,92,92,92,89,90,363,20.2,0.1%
Ndoye,MID,6.1,67,67,60,63,60,250,10.2,0.2%
O'Brien,DEF,5.0,85,85,79,82,83,329,16.4,0.0%
Estève,DEF,4.0,88,88,85,89,85,347,21.7,71.9%
Diarra,MID,5.5,82,82,76,74,76,308,14.0,0.0%
Hall,DEF,5.4,70,70,72,71,74,287,13.3,0.0%
Van den Berg,DEF,4.5,85,85,87,81,82,335,18.6,0.0%
Richards,DEF,4.5,86,86,84,81,80,331,18.4,15.4%
Calvert-Lewin,FWD,5.5,54,54,53,52,50,209,9.5,0.0%
P.M.Sarr,MID,5.0,68,68,67,63,63,261,13.1,0.1%
Guéhi,DEF,4.7,90,90,88,87,84,349,18.6,1.6%
Wharton,MID,5.0,74,74,81,80,80,315,15.8,0.0%
Van Hecke,DEF,4.5,88,88,86,78,83,335,18.6,0.0%
Marmoush,MID,8.3,50,8,37,55,58,158,4.8,0.0%
Beto,FWD,5.4,57,57,57,55,53,222,10.3,0.0%
Lukić,MID,5.0,81,81,85,77,74,317,15.8,0.1%
Xhaka,MID,5.0,81,81,82,82,82,327,16.4,0.2%
Kilman,DEF,4.4,84,84,85,82,84,335,19.0,0.1%
Burn,DEF,5.0,86,86,76,70,74,306,15.3,0.5%
Szoboszlai,MID,6.5,53,53,57,57,54,221,8.5,0.0%
Chalobah,DEF,5.1,66,66,65,59,61,251,12.3,0.0%
Ekdal,DEF,4.0,88,88,79,81,81,329,20.6,0.1%
Doku,MID,6.4,58,58,49,44,45,196,7.7,0.0%
Amad,MID,6.3,67,67,60,55,58,240,9.5,0.0%
Welbeck,FWD,6.3,55,55,53,51,53,212,8.4,0.0%
Tielemans,MID,5.9,78,32,73,79,77,261,11.1,16.3%
Livramento,DEF,5.1,83,83,75,76,74,308,15.1,0.2%
Okafor,MID,5.5,63,63,54,52,59,228,10.4,0.0%
Dunk,DEF,4.5,84,84,81,78,76,319,17.7,0.0%
Perri,GK,4.5,95,41,74,91,90,296,16.4,0.8%
Mings,DEF,4.5,72,72,72,70,69,283,15.7,0.0%
Ward-Prowse,MID,5.9,80,80,77,74,73,304,12.9,0.0%
Yoro,DEF,4.5,80,80,79,70,69,298,16.6,0.0%
Garner,MID,5.0,69,69,68,70,68,275,13.8,0.0%
Kamara,MID,4.9,84,84,73,73,68,298,15.2,0.0%
Mitchell,DEF,5.0,81,81,80,79,80,320,16.0,0.0%
McGinn,MID,5.5,71,71,55,57,54,237,10.8,0.0%
Grealish,MID,6.8,78,78,75,0,71,224,8.2,0.5%
Ampadu,MID,4.9,77,77,77,79,73,306,15.6,0.0%
Gana,MID,5.4,70,70,69,70,69,278,12.9,0.0%
André,MID,5.4,78,78,75,73,73,299,13.8,0.0%
Wieffer,MID,4.9,75,75,59,69,66,269,13.7,0.0%
Elliott,MID,5.4,59,59,52,46,52,209,9.7,0.3%
Bernardo,MID,6.4,66,66,56,53,51,226,8.8,0.0%
J.Palhinha,MID,5.5,69,69,64,67,71,271,12.3,0.0%
Robinson,DEF,5.0,83,83,82,80,80,325,16.3,0.0%
Muniz,FWD,5.5,58,58,56,56,53,223,10.1,0.6%
Estêvão,MID,6.5,53,53,47,49,45,194,7.5,0.0%
Cullen,MID,5.0,78,78,73,70,69,290,14.5,0.0%
Digne,DEF,4.5,57,57,58,59,57,231,12.8,0.0%
Diouf,DEF,4.4,86,86,85,78,76,325,18.5,2.4%
Tete,DEF,4.5,78,78,76,74,73,301,16.7,0.2%
M.Fernandes,MID,5.5,64,64,66,60,62,252,11.5,0.0%
Adingra,MID,5.4,67,67,60,58,62,247,11.4,0.1%
Hannibal,MID,5.0,67,67,66,64,61,258,12.9,0.0%
Bruun Larsen,MID,5.4,54,54,54,54,55,217,10.0,0.0%
Mukiele,DEF,4.0,75,75,79,68,72,294,18.4,0.1%
Bobb,MID,5.5,50,50,46,45,39,180,8.2,0.0%
Talbi,MID,5.0,64,64,62,61,59,246,12.3,0.0%
Munetsi,MID,5.5,60,60,61,55,59,235,10.7,0.0%
Richarlison,FWD,6.7,57,57,39,33,31,160,6.0,0.1%
Yarmoliuk,MID,5.0,72,72,72,64,69,277,13.8,0.0%
Branthwaite,DEF,5.3,43,43,59,81,79,262,12.4,0.0%
Tosin,DEF,4.5,63,63,58,52,53,226,12.6,1.0%
Douglas Luiz,MID,5.0,60,60,58,58,55,231,11.6,0.0%
Ekitiké,FWD,8.8,49,49,36,41,38,164,4.7,2.3%
Kerkez,DEF,5.9,61,61,58,62,54,235,10.0,0.2%
Sancho,MID,5.9,48,48,55,48,46,197,8.3,0.0%
Reinildo,DEF,4.0,80,80,85,76,78,319,19.9,0.1%
Sadiki,MID,5.0,78,78,76,77,75,306,15.3,0.0%
Garnacho,MID,6.4,45,45,37,37,38,157,6.1,0.0%
Hartman,DEF,4.0,72,72,74,74,70,290,18.1,0.4%
Schär,DEF,5.5,78,33,61,67,68,229,10.4,0.6%
Bassey,DEF,4.5,88,88,85,83,83,339,18.8,0.0%
Foster,FWD,5.0,56,56,55,54,52,217,10.8,0.0%
Elanga,MID,7.0,41,41,45,45,48,179,6.4,0.4%
Henderson,MID,5.0,69,69,67,62,59,257,12.8,0.0%
Barnes,MID,6.5,53,53,47,43,31,174,6.7,2.4%
Bergvall,MID,5.4,58,58,56,51,54,219,10.1,0.0%
Alderete,DEF,4.0,72,72,63,60,57,252,15.8,0.4%
Ayari,MID,4.9,57,57,55,54,57,223,11.4,0.0%
Zinchenko,DEF,4.9,63,63,58,58,56,235,12.0,0.0%
Hudson-Odoi,MID,6.0,52,52,51,48,52,203,8.5,0.0%
Adams,MID,5.0,76,76,61,50,49,236,11.8,0.0%
Berge,MID,5.0,73,73,73,72,73,291,14.6,0.0%
De Cuyper,DEF,4.5,46,46,66,59,65,236,13.1,0.6%
Summerville,MID,5.5,56,56,54,53,49,212,9.6,0.0%
King,MID,4.5,58,58,54,52,49,213,11.8,5.5%
Kayode,DEF,4.5,75,75,68,64,64,271,15.1,0.0%
Walker,DEF,4.5,85,85,85,85,82,337,18.7,0.0%
Madueke,MID,7.0,49,49,32,34,31,146,5.2,0.6%
Kolo Muani,FWD,7.0,38,38,39,40,40,157,5.6,0.0%
Spence,DEF,4.5,56,56,54,58,58,226,12.6,0.1%
Kamada,MID,5.0,56,56,49,51,47,203,10.2,0.0%
Gomez,MID,5.0,46,46,48,53,51,198,9.9,0.0%
Udogie,DEF,4.4,55,55,50,51,55,211,12.0,0.0%
James,DEF,5.4,45,45,48,42,41,176,8.1,0.0%
Johnson,MID,7.1,39,39,36,34,38,147,5.2,0.3%
Mavropanos,DEF,4.4,63,63,63,63,56,245,13.9,0.0%
Barry,FWD,5.8,41,41,37,46,43,167,7.2,0.0%
James,MID,5.3,37,26,43,48,43,160,7.5,0.0%
Füllkrug,FWD,5.8,42,42,48,47,42,179,7.7,0.0%
Tanaka,MID,4.9,60,60,59,61,50,230,11.7,0.0%
Baleba,MID,4.9,55,55,57,53,56,221,11.3,0.0%
Geertruida,DEF,4.5,57,57,75,76,71,279,15.5,0.0%
Cook,MID,4.9,31,31,51,64,62,208,10.6,0.0%
Mount,MID,5.9,46,46,42,39,41,168,7.1,0.0%
Gruda,MID,5.4,43,43,37,43,41,164,7.6,0.0%
Raúl,FWD,6.3,38,38,38,41,42,159,6.3,0.0%
Lewis-Potter,DEF,5.0,60,60,61,59,54,234,11.7,0.0%
Krejčí,DEF,4.5,60,60,62,59,51,232,12.9,0.0%
Gusto,DEF,4.9,46,46,47,41,46,180,9.2,0.0%
Casemiro,MID,5.5,46,46,49,48,44,187,8.5,0.0%
E.Le Fée,MID,4.9,46,46,46,44,54,190,9.7,0.0%
Wilson,FWD,5.9,43,43,43,43,40,169,7.2,0.0%
Stones,DEF,5.5,50,44,51,49,43,187,8.5,0.0%
Solanke,FWD,7.2,9,4,31,48,55,138,4.8,0.2%
Scott,MID,5.0,47,47,48,39,39,173,8.7,0.0%
Struijk,DEF,4.5,68,68,47,47,48,210,11.7,0.0%
Shaw,DEF,4.5,60,60,59,53,47,219,12.2,0.0%
Gnonto,MID,5.3,36,25,43,42,44,154,7.3,0.0%
Christie,MID,5.0,44,44,42,40,41,167,8.3,0.0%
Lewis,DEF,5.0,47,47,40,41,36,164,8.2,0.0%
Brooks,MID,5.0,48,48,40,29,30,147,7.3,0.0%
Hee Chan,MID,5.9,40,40,30,34,31,135,5.7,0.0%
Khusanov,DEF,5.4,43,43,41,45,40,169,7.8,0.0%
Bentancur,MID,5.4,44,44,47,49,47,187,8.7,0.0%
Adli,MID,5.5,27,27,33,38,36,134,6.1,0.0%
Ugochukwu,MID,5.0,62,62,55,54,51,222,11.1,0.0%
Gittens,MID,6.3,28,28,28,33,30,119,4.7,0.0%
Tchaouna,MID,4.9,38,38,35,39,37,149,7.6,0.0%
Florentino,MID,5.0,45,45,54,51,52,202,10.1,0.0%
Kevin,MID,6.0,37,37,38,42,41,158,6.6,0.0%
Isidor,FWD,5.5,47,47,38,42,29,156,7.1,0.0%
Fofana,DEF,4.4,34,34,42,46,49,171,9.7,0.0%
Merino,MID,5.9,36,36,33,32,28,129,5.5,0.0%
Maatsen,DEF,4.4,42,42,39,40,38,159,9.0,0.0%
Johnstone,GK,4.5,55,55,56,45,45,201,11.2,0.0%
Bakwa,MID,6.0,36,36,39,36,37,148,6.2,0.0%
O’Reilly,DEF,4.9,41,41,33,34,28,136,6.9,0.0%
Wan-Bissaka,DEF,4.3,64,27,45,73,68,213,12.4,0.2%
Hill,DEF,4.0,56,56,51,33,25,165,10.3,0.0%
J.Murphy,MID,6.3,38,38,35,33,28,134,5.3,0.0%
Tolu,FWD,5.5,42,42,29,31,29,131,6.0,0.0%
R.Gomes,DEF,4.5,37,37,34,37,33,141,7.8,0.0%
Röhl,MID,5.0,32,32,35,40,38,145,7.3,0.0%
Piroe,FWD,5.3,32,32,28,31,30,121,5.7,0.1%
Aaronson,MID,5.4,43,43,27,30,28,128,5.9,0.0%
Bijol,DEF,4.0,31,31,39,44,54,168,10.5,0.2%
Nketiah,FWD,5.4,30,30,31,31,31,123,5.7,0.0%
Dalot,DEF,4.4,45,18,44,49,52,163,9.3,0.0%
Onana,MID,4.9,46,28,44,46,44,162,8.3,0.0%
Tchatchoua,DEF,4.5,43,43,43,41,42,169,9.4,0.0%
Mosquera,DEF,4.4,34,34,37,43,51,165,9.4,0.0%
Hughes,MID,4.9,52,52,42,41,37,172,8.8,0.0%
Chukwueze,MID,5.5,39,39,28,32,34,133,6.0,0.0%
Bellegarde,MID,5.4,28,28,32,34,39,133,6.2,0.0%
Wilson,MID,5.4,29,29,34,34,32,129,6.0,0.0%
Thiaw,DEF,4.9,55,55,38,40,36,169,8.6,0.0%
José Sá,GK,4.5,38,38,43,46,46,173,9.6,0.0%
Nmecha,FWD,5.0,22,22,27,27,24,100,5.0,0.0%
Smith Rowe,MID,5.9,30,30,32,37,37,136,5.8,0.0%
Dibling,MID,5.5,20,20,27,48,23,118,5.4,0.0%
Broja,FWD,5.4,29,29,30,28,27,114,5.3,0.0%
F.Kadıoğlu,DEF,4.4,46,46,33,36,36,151,8.6,0.0%
Hoever,DEF,4.0,32,23,31,39,38,131,8.2,0.0%
Traoré,MID,5.5,32,32,30,32,26,120,5.5,0.0%
Mayenda,FWD,5.5,30,30,29,29,29,117,5.3,0.0%
Alcaraz,MID,5.3,19,19,25,42,27,113,5.3,0.0%
Mazraoui,DEF,4.9,42,42,36,31,30,139,7.1,0.0%
H.Bueno,DEF,4.4,31,31,36,33,33,133,7.6,0.0%
Ugarte,MID,4.9,36,36,34,37,32,139,7.1,0.0%
Trossard,MID,6.9,21,21,19,20,18,78,2.8,0.0%
Savona,DEF,4.5,33,33,41,40,46,160,8.9,0.0%
Brobbey,FWD,5.5,18,18,30,34,34,116,5.3,0.0%
Robertson,DEF,5.9,29,29,31,29,33,122,5.2,0.0%
Matheus N.,DEF,5.3,29,29,26,25,29,109,5.1,0.0%
Møller Wolfe,DEF,4.5,32,32,32,34,36,134,7.4,0.0%
Guessand,MID,6.4,26,26,18,21,20,85,3.3,0.0%
S.Magassa,MID,5.0,41,41,46,31,28,146,7.3,0.0%
White,DEF,5.4,23,17,25,28,36,106,4.9,0.0%
N.Gonzalez,MID,6.0,31,31,30,26,26,113,4.7,0.0%
Hume,DEF,4.5,46,46,36,39,35,156,8.7,0.0%
Walker-Peters,DEF,4.4,69,69,48,33,30,180,10.2,0.0%
Kalimuendo,FWD,6.0,22,22,23,23,22,90,3.8,0.0%
Nelson,MID,4.9,23,23,25,26,26,100,5.1,0.0%
C.Jones,MID,5.4,26,26,24,27,25,102,4.7,0.0%
Igor Jesus,FWD,5.8,23,23,24,22,22,91,3.9,0.0%
Longstaff,MID,4.9,31,31,29,30,31,121,6.2,0.0%
Pau,DEF,4.4,32,32,34,34,34,134,7.6,0.0%
Sangaré,MID,5.0,33,33,33,32,33,131,6.5,0.0%
Keane,DEF,4.5,49,49,33,19,14,115,6.4,0.0%
Aké,DEF,5.4,31,31,31,25,19,106,4.9,0.0%
Trippier,DEF,5.0,25,25,26,26,31,108,5.4,0.0%
A.Jimenez,DEF,4.5,29,29,35,30,18,112,6.2,0.0%
Igor,DEF,4.5,33,33,37,44,39,153,8.5,0.0%
Jensen,MID,4.9,22,22,27,30,29,108,5.5,0.0%
Malen,MID,5.2,22,22,16,18,18,74,3.6,0.0%
McAtee,MID,5.4,20,20,20,22,30,92,4.3,0.0%
Pinnock,DEF,4.4,28,28,31,34,29,122,6.9,0.0%
Kovačić,MID,5.9,26,11,29,30,31,101,4.3,0.0%
Milner,MID,5.0,31,31,24,23,22,100,5.0,0.0%
Tzimas,FWD,5.4,14,14,21,19,19,73,3.4,0.0%
Carvalho,MID,4.9,17,17,20,20,19,76,3.9,0.0%
Bradley,DEF,5.0,32,32,17,27,19,95,4.8,0.0%
Ballard,DEF,4.6,29,29,31,31,33,124,6.7,0.0%
Souček,MID,5.8,0,0,0,53,52,105,4.5,0.0%
Lerma,MID,5.0,36,36,24,27,25,112,5.6,0.0%
Buendía,MID,5.3,31,31,15,15,15,76,3.6,0.0%
Sessegnon,MID,5.4,22,22,25,24,25,96,4.4,0.0%
Wissa,FWD,7.5,0,0,0,24,50,74,2.5,0.1%
Maguire,DEF,4.4,30,30,28,24,19,101,5.7,0.0%
Edwards,MID,4.8,16,16,17,21,20,74,3.9,0.0%
Henry,DEF,4.5,26,26,31,30,27,114,6.3,0.0%
Todibo,DEF,4.4,28,28,30,29,28,115,6.5,0.0%
Mainoo,MID,4.9,22,22,21,21,23,87,4.4,0.0%
Savinho,MID,6.9,16,16,14,17,13,60,2.2,0.1%
Flemming,FWD,5.4,13,13,17,17,20,67,3.1,0.0%
Hato,DEF,4.8,23,23,22,23,23,91,4.7,0.0%
Tel,MID,6.3,18,18,13,12,15,58,2.3,0.0%
Coppola,DEF,4.4,23,23,22,25,29,99,5.6,0.0%
Justin,DEF,4.0,18,18,22,21,30,91,5.7,0.0%
Martinelli,MID,6.9,15,15,10,16,14,55,2.0,0.0%
Morato,DEF,4.4,23,23,22,26,28,99,5.6,0.0%
Fer López,MID,5.4,14,14,17,15,18,64,3.0,0.0%
Gruev,MID,4.9,21,21,22,24,28,95,4.8,0.0%
Buonanotte,MID,4.8,0,0,18,20,20,58,3.0,0.0%
Willock,MID,5.0,19,19,18,18,16,71,3.5,0.0%
Adama,MID,5.3,14,14,18,19,19,70,3.3,0.0%
Hincapie,DEF,5.5,12,12,16,21,23,72,3.3,0.0%
Milosavljević,DEF,4.5,16,16,21,22,24,83,4.6,0.0%
Harrison,MID,5.3,24,24,13,12,15,64,3.0,0.0%
Mosquera,DEF,5.4,18,18,19,21,22,80,3.7,0.0%
Iroegbunam,MID,4.9,17,17,18,24,22,81,4.1,0.0%
Gomez,DEF,5.0,14,14,21,21,27,83,4.2,0.0%
Hickey,DEF,4.0,21,21,26,24,31,102,6.4,0.0%
Andrey Santos,MID,4.5,17,17,16,19,20,72,4.0,0.0%
Uche,FWD,5.5,18,18,14,15,17,64,2.9,0.0%
Lewis-Skelly,DEF,5.3,15,15,17,17,20,69,3.3,0.0%
Botman,DEF,4.9,21,21,19,18,22,80,4.1,0.0%
Smith,DEF,4.5,0,0,0,28,56,84,4.7,0.0%
Veltman,DEF,4.4,23,23,20,23,22,88,5.0,0.0%
Nwaneri,MID,5.3,15,15,11,10,13,49,2.3,0.0%
L.Miley,MID,4.4,16,16,17,19,15,67,3.8,0.2%
Zirkzee,FWD,5.9,13,13,11,15,13,52,2.2,0.0%
Canvot,DEF,4.5,18,18,22,27,20,87,4.8,0.0%
Patterson,DEF,4.4,14,14,18,22,22,76,4.3,0.0%
Marc Guiu,FWD,4.4,9,9,10,9,12,40,2.3,34.6%
Devenny,MID,4.5,23,23,12,12,11,58,3.2,0.0%
McNeil,MID,5.7,9,9,9,23,11,52,2.3,0.0%
Darlow,GK,4.0,52,52,17,4,4,77,4.8,1.0%
Doherty,DEF,4.4,15,15,17,22,20,74,4.2,0.0%
Odobert,MID,5.4,11,11,12,13,11,47,2.2,0.0%
Clyne,DEF,4.0,13,13,21,21,24,79,4.9,0.0%
George,MID,4.9,10,10,10,10,10,40,2.0,0.0%
Martinez,DEF,4.9,0,0,0,32,50,82,4.2,0.0%
Hutchinson,MID,5.5,9,9,16,11,13,49,2.2,0.0%
Boscagli,DEF,4.4,18,18,18,18,18,72,4.1,0.0%
Danso,DEF,4.3,18,18,16,12,15,61,3.5,0.0%
Neil,MID,4.9,12,12,16,24,20,72,3.7,0.0%
Sonne,DEF,4.0,17,17,15,17,16,65,4.1,0.0%
Aït-Nouri,DEF,5.9,0,0,0,7,45,52,2.2,0.4%
Watson,MID,4.9,11,11,11,11,9,42,2.1,0.0%
Sosa,DEF,4.9,13,13,16,16,16,61,3.1,0.0%
Osula,FWD,5.5,12,12,12,8,4,36,1.6,0.0%
Lavia,MID,4.9,12,12,14,18,14,58,3.0,0.0%
Irving,MID,4.4,15,15,15,9,10,49,2.8,0.0%
Milambo,MID,5.4,11,11,10,12,12,45,2.1,0.0%
Enes Ünal,FWD,5.5,0,0,7,14,16,37,1.7,0.0%
Laurent,MID,4.9,11,11,15,15,15,56,2.9,0.0%
Cairney,MID,4.9,11,11,11,13,13,48,2.4,0.0%
Castagne,DEF,4.5,10,10,14,23,18,65,3.6,0.0%
March,MID,5.8,0,0,7,17,15,39,1.7,0.0%
Gray,MID,4.9,13,13,14,17,13,57,2.9,0.0%
S.Bueno,DEF,4.4,11,11,16,16,17,60,3.4,0.0%
B.Badiashile,DEF,4.4,11,11,12,16,15,54,3.1,0.0%
Kostoulas,FWD,4.9,7,7,6,7,8,28,1.4,0.0%
Janelt,MID,4.9,9,9,10,12,14,45,2.3,0.0%
L.Guilherme,MID,4.9,8,8,11,9,8,36,1.8,0.0%
Ajer,DEF,4.4,13,13,13,16,12,54,3.1,0.0%
Nørgaard,MID,5.4,8,8,10,10,12,40,1.9,0.0%
Bayindir,GK,5.0,24,24,9,8,9,50,2.5,0.0%
Rigg,MID,4.9,7,7,10,9,10,36,1.8,0.0%
Chiesa,MID,6.5,5,5,6,7,6,24,0.9,0.0%
Jörgensen,GK,4.4,12,12,10,11,12,45,2.6,0.0%
Gannon-Doak,MID,5.0,7,7,5,6,7,25,1.3,0.0%
Humphreys,DEF,4.0,9,9,14,14,13,50,3.1,0.0%
Bornauw,DEF,3.9,12,12,11,13,13,49,3.1,0.0%
Kroupi.Jr,FWD,4.5,5,5,8,3,5,21,1.2,1.4%
Lucas Pires,DEF,3.9,9,9,12,12,14,47,3.0,0.0%
Yates,MID,4.9,8,8,9,7,11,35,1.8,0.0%
Havertz,FWD,7.3,0,0,0,9,16,25,0.9,0.0%
Masuaku,DEF,4.0,11,11,11,12,12,46,2.9,0.0%
J.Cuenca,DEF,4.4,8,8,11,14,13,46,2.6,0.0%
Bogarde,DEF,4.0,14,14,8,10,9,41,2.6,0.0%
Onyeka,MID,5.0,9,9,9,10,7,35,1.8,0.0%
Endo,MID,4.9,4,4,7,8,9,28,1.4,0.0%
G.Rodriguez,MID,4.9,8,8,10,6,7,31,1.6,0.0%
Tuanzebe,DEF,3.9,10,10,12,13,10,45,2.9,0.4%
Awoniyi,FWD,5.3,2,2,5,6,5,18,0.8,0.0%
J.Ramsey,MID,5.4,0,0,0,8,18,26,1.2,0.0%
Dowman,MID,4.5,4,4,3,5,3,15,0.8,0.1%
Acheampong,DEF,4.0,8,8,7,8,7,30,1.9,0.0%
A.García,DEF,3.9,6,4,8,7,5,24,1.5,0.1%
J.Araujo,DEF,4.0,8,8,7,6,4,25,1.6,0.0%
Dragusin,DEF,4.5,5,1,7,14,10,32,1.8,0.0%
Dominguez,MID,5.0,0,0,3,12,11,26,1.3,0.0%
Potts,MID,4.4,8,8,12,6,5,31,1.8,0.4%
Byram,DEF,3.9,5,5,6,6,8,25,1.6,0.0%
Scarles,DEF,4.4,4,4,3,5,8,20,1.1,0.0%
Diop,DEF,4.4,7,7,9,9,13,38,2.2,0.0%
Soler,DEF,4.0,6,6,7,5,5,23,1.4,0.0%
Mamardashvili,GK,4.4,2,2,6,8,8,24,1.4,0.0%
Ramsdale,GK,4.9,3,3,4,6,10,23,1.2,0.1%
Leoni,DEF,5.0,3,3,4,5,7,19,0.9,0.0%
Heaven,DEF,3.9,6,6,7,7,3,23,1.5,0.0%
Roberts,DEF,4.4,5,4,6,8,7,25,1.4,0.0%
Ji-soo,DEF,3.9,4,4,6,7,7,24,1.5,0.0%
Cherki,MID,6.4,0,0,0,0,14,14,0.5,0.0%
Jordan,DEF,4.0,0,0,0,4,16,20,1.3,0.0%
Ngumoha,MID,4.5,1,1,1,3,1,6,0.3,0.0%
Davies,DEF,4.4,3,3,5,4,3,15,0.9,0.0%
Barnes,FWD,4.4,1,1,1,2,2,6,0.3,0.3%
Bajcetic,MID,4.4,1,1,2,2,2,7,0.4,0.0%
Worrall,DEF,4.0,6,6,8,4,6,24,1.5,0.0%
Mateus Mané,FWD,99.9,1,1,2,1,2,6,0.0,0.0%
Krafth,DEF,4.4,3,3,4,4,4,15,0.9,0.0%
O'Nien,DEF,4.0,0,0,3,6,8,17,1.1,0.0%
Lindelöf,DEF,4.5,3,3,5,5,7,20,1.1,0.0%
Patterson,GK,4.4,2,2,3,4,6,15,0.9,0.0%
Arrizabalaga,GK,4.4,3,3,2,3,3,11,0.6,0.1%
Reed,MID,4.4,0,0,2,3,2,7,0.4,0.1%
Mundle,MID,4.9,0,0,0,1,6,7,0.4,0.0%
Areola,GK,4.4,3,3,1,6,2,12,0.7,0.0%
Poveda,MID,4.9,1,1,1,1,1,4,0.2,0.0%
Obi,FWD,4.4,0,0,1,1,2,4,0.2,0.1%
Ahamada,MID,4.5,1,1,1,3,1,6,0.3,0.0%
Peart-Harris,MID,4.5,0,0,2,2,1,5,0.3,0.0%
Travers,GK,4.5,1,1,1,4,4,10,0.6,0.0%
Lecomte,GK,4.0,2,2,4,2,3,11,0.7,0.0%
Marshall,FWD,4.4,0,0,1,1,2,4,0.2,0.4%
Weiss,GK,4.4,2,2,2,4,2,10,0.6,0.0%
Jair Cunha,DEF,4.4,2,2,4,3,5,14,0.8,0.0%
Coleman,DEF,4.4,1,1,2,2,2,7,0.4,0.0%
John,GK,4.0,3,3,1,3,2,9,0.6,0.0%
Kinsky,GK,4.0,1,1,0,4,4,9,0.6,0.0%
Aznou,DEF,4.4,2,2,2,3,2,9,0.5,0.0%
Trafford,GK,4.9,1,1,2,2,2,7,0.4,0.0%
M.Bizot,GK,4.5,1,1,0,4,4,9,0.5,0.0%
Barkley,MID,4.9,0,0,0,1,5,6,0.3,0.0%
Dennis,GK,4.0,0,0,4,2,2,8,0.5,0.0%
Steele,GK,4.4,1,1,2,2,3,8,0.5,0.0%
Valdimarsson,GK,4.0,1,1,1,3,2,7,0.4,0.3%
Nunes,MID,4.9,0,0,0,1,2,3,0.2,0.0%
Benitez,GK,4.0,0,0,1,1,5,7,0.4,0.0%
Fraser,FWD,4.4,0,0,1,0,1,2,0.1,0.0%
Axel Disasi,DEF,99.9,1,1,1,3,1,6,0.0,0.0%
Matthews,GK,4.0,2,2,2,0,0,4,0.3,0.0%
Esse,MID,4.9,1,1,1,0,0,2,0.1,0.0%
Delcroix,DEF,4.0,1,1,2,1,1,5,0.3,0.0%
Matete,MID,4.4,0,0,0,2,0,2,0.1,0.0%
Fabianski,GK,4.5,0,0,1,0,3,4,0.2,0.0%
D.Leon,DEF,4.4,2,2,1,0,0,3,0.2,0.0%
Scarlett,FWD,4.4,1,1,0,0,0,1,0.1,0.0%
Cardines,MID,4.5,0,0,1,0,1,2,0.1,0.0%
Kone,MID,4.4,0,0,0,0,1,1,0.1,0.0%
Cirkin,DEF,4.0,0,0,0,1,3,4,0.3,0.0%
Kulusevski,MID,6.4,0,0,0,0,2,2,0.1,0.0%
Boly,DEF,3.9,0,0,1,1,1,3,0.2,0.0%
Jimoh-Aloba,MID,4.5,1,1,0,0,0,1,0.1,0.0%
Malacia,DEF,3.9,0,0,0,0,1,1,0.1,0.0%
Alese,DEF,4.0,1,1,1,0,0,2,0.1,0.0%
Pembele,DEF,3.9,0,0,1,1,0,2,0.1,0.0%
Akinmboni,DEF,4.0,0,0,0,1,1,2,0.1,0.0%
A.Murphy,DEF,4.0,0,0,0,0,1,1,0.1,0.0%
Lascelles,DEF,4.4,1,1,0,0,0,1,0.1,0.0%
Hein,GK,4.0,0,0,0,0,0,0,0.0,0.0%
Setford,GK,4.0,0,0,0,0,0,0,0.0,0.0%
Kiwior,DEF,5.4,0,0,0,0,0,0,0.0,0.0%
Clarke,DEF,4.0,0,0,0,0,0,0,0.0,0.0%
Kacurri,DEF,3.9,0,0,0,0,0,0,0.0,0.0%
Nichols,DEF,3.9,0,0,0,0,0,0,0.0,0.0%
Fábio Vieira,MID,5.4,0,0,0,0,0,0,0.0,0.0%
Kabia,MID,4.5,0,0,0,0,0,0,0.0,0.0%
Sambi,MID,4.5,0,0,0,0,0,0,0.0,0.0%
G.Jesus,FWD,6.5,0,0,0,0,0,0,0.0,0.0%
Gauci,GK,4.0,0,0,0,0,0,0,0.0,0.0%
Marschall,GK,4.0,0,0,0,0,0,0,0.0,0.0%
Alex Moreno,DEF,4.0,0,0,0,0,0,0,0.0,0.0%
Sousa,DEF,4.0,0,0,0,0,0,0,0.0,0.0%
Yasin,DEF,4.0,0,0,0,0,0,0,0.0,0.0%
Bailey,MID,5.5,0,0,0,0,0,0,0.0,0.0%
Iling Jr,MID,5.5,0,0,0,0,0,0,0.0,0.0%
Barrenechea,MID,5.0,0,0,0,0,0,0,0.0,0.0%
Dobbin,MID,5.0,0,0,0,0,0,0,0.0,0.0%
Broggio,MID,4.5,0,0,0,0,0,0,0.0,0.0%
Dendoncker,MID,4.5,0,0,0,0,0,0,0.0,0.0%
Young,MID,4.5,0,0,0,0,0,0,0.0,0.0%
Redmond,FWD,4.5,0,0,0,0,0,0,0.0,0.0%
Neto,GK,4.5,0,0,0,0,0,0,0.0,0.0%
McKenna,GK,4.0,0,0,0,0,0,0,0.0,0.0%
Paulsen,GK,4.0,0,0,0,0,0,0,0.0,0.0%
Zabarnyi,DEF,5.0,0,0,0,0,0,0,0.0,0.0%
Bevan,DEF,4.0,0,0,0,0,0,0,0.0,0.0%
Mepham,DEF,4.0,0,0,0,0,0,0,0.0,0.0%
Philip,MID,4.9,0,0,0,0,0,0,0.0,0.0%
Sinisterra,MID,5.0,0,0,0,0,0,0,0.0,0.0%
Faivre,MID,4.5,0,0,0,0,0,0,0.0,0.0%
H.Traorè,MID,4.5,0,0,0,0,0,0,0.0,0.0%
Sadi,MID,4.5,0,0,0,0,0,0,0.0,0.0%
Silcott-Duberry,MID,4.4,0,0,0,0,0,0,0.0,0.0%
Winterburn,MID,4.5,0,0,0,0,0,0,0.0,0.0%
Adu-Adjei,FWD,4.4,0,0,0,0,0,0,0.0,0.0%
Balcombe,GK,4.0,0,0,0,0,0,0,0.0,0.0%
Cox,GK,4.0,0,0,0,0,0,0,0.0,0.0%
Eyestone,GK,4.0,0,0,0,0,0,0,0.0,0.0%
Roerslev,DEF,4.5,0,0,0,0,0,0,0.0,0.0%
Arthur,DEF,4.0,0,0,0,0,0,0,0.0,0.0%
Fredrick,DEF,4.0,0,0,0,0,0,0,0.0,0.0%
Meghoma,DEF,4.0,0,0,0,0,0,0,0.0,0.0%
Donovan,MID,4.5,0,0,0,0,0,0,0.0,0.0%
Konak,MID,4.4,0,0,0,0,0,0,0.0,0.0%
Maghoma,MID,4.5,0,0,0,0,0,0,0.0,0.0%
Trevitt,MID,4.5,0,0,0,0,0,0,0.0,0.0%
Morgan,FWD,4.4,0,0,0,0,0,0,0.0,0.0%
McGill,GK,4.0,0,0,0,0,0,0,0.0,0.0%
Rushworth,GK,4.0,0,0,0,0,0,0,0.0,0.0%
Scherpen,GK,4.0,0,0,0,0,0,0,0.0,0.0%
Estupiñan,DEF,4.5,0,0,0,0,0,0,0.0,0.0%
Lamptey,DEF,4.4,0,0,0,0,0,0,0.0,0.0%
Webster,DEF,4.4,0,0,0,0,0,0,0.0,0.0%
Cashin,DEF,4.0,0,0,0,0,0,0,0.0,0.0%
Slater,DEF,4.0,0,0,0,0,0,0,0.0,0.0%
Tasker,DEF,4.0,0,0,0,0,0,0,0.0,0.0%
Enciso,MID,5.4,0,0,0,0,0,0,0.0,0.0%
Hinshelwood,MID,5.3,0,0,0,0,0,0,0.0,0.0%
O'Riley,MID,5.5,0,0,0,0,0,0,0.0,0.0%
Sima,MID,5.4,0,0,0,0,0,0,0.0,0.0%
Sarmiento,MID,4.9,0,0,0,0,0,0,0.0,0.0%
Yalcouye,MID,5.0,0,0,0,0,0,0,0.0,0.0%
Knight,MID,4.5,0,0,0,0,0,0,0.0,0.0%
Mazilu,MID,4.5,0,0,0,0,0,0,0.0,0.0%
Moran,MID,4.5,0,0,0,0,0,0,0.0,0.0%
Ferguson,FWD,5.5,0,0,0,0,0,0,0.0,0.0%
Green,GK,4.0,0,0,0,0,0,0,0.0,0.0%
Hladký,GK,4.0,0,0,0,0,0,0,0.0,0.0%
Dodgson,DEF,4.0,0,0,0,0,0,0,0.0,0.0%
Sambo,DEF,4.0,0,0,0,0,0,0,0.0,0.0%
Benson,MID,5.4,0,0,0,0,0,0,0.0,0.0%
Boateng,MID,4.9,0,0,0,0,0,0,0.0,0.0%
Churlinov,MID,4.9,0,0,0,0,0,0,0.0,0.0%
Koleosho,MID,5.0,0,0,0,0,0,0,0.0,0.0%
A.Ramsey,MID,4.4,0,0,0,0,0,0,0.0,0.0%
Adewumi,MID,4.5,0,0,0,0,0,0,0.0,0.0%
Banel,MID,4.5,0,0,0,0,0,0,0.0,0.0%
Trésor,MID,4.4,0,0,0,0,0,0,0.0,0.0%
Amdouni,FWD,4.9,0,0,0,0,0,0,0.0,0.0%
Obafemi,FWD,4.4,0,0,0,0,0,0,0.0,0.0%
Penders,GK,4.0,0,0,0,0,0,0,0.0,0.0%
Slonina,GK,4.0,0,0,0,0,0,0,0.0,0.0%
Colwill,DEF,4.8,0,0,0,0,0,0,0.0,0.0%
M.Sarr,DEF,4.5,0,0,0,0,0,0,0.0,0.0%
Anselmino,DEF,4.0,0,0,0,0,0,0,0.0,0.0%
Nkunku,MID,5.9,0,0,0,0,0,0,0.0,0.0%
Mudryk,MID,5.0,0,0,0,0,0,0,0.0,0.0%
D.Essugo,MID,4.4,0,0,0,0,0,0,0.0,0.0%
Paez,MID,4.5,0,0,0,0,0,0,0.0,0.0%
Delap,FWD,6.3,0,0,0,0,0,0,0.0,0.0%
N.Jackson,FWD,6.5,0,0,0,0,0,0,0.0,0.0%
Chadi Riad,DEF,4.0,0,0,0,0,0,0,0.0,0.0%
Holding,DEF,4.0,0,0,0,0,0,0,0.0,0.0%
Kporha,DEF,4.0,0,0,0,0,0,0,0.0,0.0%
Doucouré,MID,4.9,0,0,0,0,0,0,0.0,0.0%
Agbinone,MID,4.5,0,0,0,0,0,0,0.0,0.0%
Ebiowei,MID,4.5,0,0,0,0,0,0,0.0,0.0%
J.Rak-Sakyi,MID,4.4,0,0,0,0,0,0,0.0,0.0%
M.França,MID,4.5,0,0,0,0,0,0,0.0,0.0%
Ozoh,MID,4.5,0,0,0,0,0,0,0.0,0.0%
Rodney,MID,4.5,0,0,0,0,0,0,0.0,0.0%
Umeh,MID,4.5,0,0,0,0,0,0,0.0,0.0%
Édouard,FWD,5.0,0,0,0,0,0,0,0.0,0.0%
Marsh,FWD,4.5,0,0,0,0,0,0,0.0,0.0%
Tyrer,GK,4.0,0,0,0,0,0,0,0.0,0.0%
Dixon,DEF,4.0,0,0,0,0,0,0,0.0,0.0%
Welch,DEF,3.9,0,0,0,0,0,0,0.0,0.0%
Armstrong,MID,4.5,0,0,0,0,0,0,0.0,0.0%
Bates,MID,4.5,0,0,0,0,0,0,0.0,0.0%
Ebere,MID,4.5,0,0,0,0,0,0,0.0,0.0%
Heath,MID,4.5,0,0,0,0,0,0,0.0,0.0%
Metcalfe,MID,4.5,0,0,0,0,0,0,0.0,0.0%
Y.Chermiti,FWD,4.9,0,0,0,0,0,0,0.0,0.0%
Sherif,FWD,4.4,0,0,0,0,0,0,0.0,0.0%
Benda,GK,4.0,0,0,0,0,0,0,0.0,0.0%
Amissah,DEF,4.0,0,0,0,0,0,0,0.0,0.0%
Andreas,MID,5.3,0,0,0,0,0,0,0.0,0.0%
Godo,MID,4.5,0,0,0,0,0,0,0.0,0.0%
Harris,MID,4.5,0,0,0,0,0,0,0.0,0.0%
Meslier,GK,4.4,0,0,0,0,0,0,0.0,0.0%
Cairns,GK,4.0,0,0,0,0,0,0,0.0,0.0%
Schmidt,DEF,4.0,0,0,0,0,0,0,0.0,0.0%
Greenwood,MID,4.9,0,0,0,0,0,0,0.0,0.0%
Ramazani,MID,4.9,0,0,0,0,0,0,0.0,0.0%
Crew,MID,4.5,0,0,0,0,0,0,0.0,0.0%
Gelhardt,MID,4.5,0,0,0,0,0,0,0.0,0.0%
Gyabi,MID,4.5,0,0,0,0,0,0,0.0,0.0%
Bamford,FWD,4.9,0,0,0,0,0,0,0.0,0.0%
Mateo Joseph,FWD,5.0,0,0,0,0,0,0,0.0,0.0%
Pécsi,GK,4.0,0,0,0,0,0,0,0.0,0.0%
Woodman,GK,4.0,0,0,0,0,0,0,0.0,0.0%
Tsimikas,DEF,4.8,0,0,0,0,0,0,0.0,0.0%
Nallo,DEF,3.9,0,0,0,0,0,0,0.0,0.0%
R.Williams,DEF,3.9,0,0,0,0,0,0,0.0,0.0%
Ramsay,DEF,3.9,0,0,0,0,0,0,0.0,0.0%
Luis Díaz,MID,8.0,0,0,0,0,0,0,0.0,0.0%
McConnell,MID,4.4,0,0,0,0,0,0,0.0,0.0%
Morton,MID,4.5,0,0,0,0,0,0,0.0,0.0%
Nyoni,MID,4.4,0,0,0,0,0,0,0.0,0.0%
Darwin,FWD,6.5,0,0,0,0,0,0,0.0,0.0%
Danns,FWD,4.4,0,0,0,0,0,0,0.0,0.0%
Ederson M.,GK,5.3,0,0,0,0,0,0,0.0,0.0%
Ortega Moreno,GK,4.9,0,0,0,0,0,0,0.0,0.0%
Bettinelli,GK,4.0,0,0,0,0,0,0,0.0,0.0%
Akanji,DEF,5.4,0,0,0,0,0,0,0.0,0.0%
Vitor Reis,DEF,5.0,0,0,0,0,0,0,0.0,0.0%
Gündoğan,MID,6.3,0,0,0,0,0,0,0.0,0.0%
Echeverri,MID,5.4,0,0,0,0,0,0,0.0,0.0%
Nypan,MID,5.0,0,0,0,0,0,0,0.0,0.0%
Phillips,MID,4.9,0,0,0,0,0,0,0.0,0.0%
Onana,GK,4.9,0,0,0,0,0,0,0.0,0.0%
Harrison,GK,4.0,0,0,0,0,0,0,0.0,0.0%
Heaton,GK,4.0,0,0,0,0,0,0,0.0,0.0%
Mee,GK,4.0,0,0,0,0,0,0,0.0,0.0%
Amass,DEF,4.0,0,0,0,0,0,0,0.0,0.0%
Fredricson,DEF,3.9,0,0,0,0,0,0,0.0,0.0%
Rashford,MID,7.0,0,0,0,0,0,0,0.0,0.2%
Antony,MID,5.9,0,0,0,0,0,0,0.0,0.0%
Collyer,MID,4.5,0,0,0,0,0,0,0.0,0.0%
Fitzgerald,MID,4.4,0,0,0,0,0,0,0.0,0.0%
J.Fletcher,MID,4.4,0,0,0,0,0,0,0.0,0.1%
Moorhouse,MID,4.5,0,0,0,0,0,0,0.0,0.0%
Højlund,FWD,6.3,0,0,0,0,0,0,0.0,0.0%
Wheatley,FWD,4.5,0,0,0,0,0,0,0.0,0.1%
Gillespie,GK,4.0,0,0,0,0,0,0,0.0,0.0%
Odysseas,GK,4.0,0,0,0,0,0,0,0.0,0.0%
Ashby,DEF,3.9,0,0,0,0,0,0,0.0,0.0%
Pivas,DEF,3.9,0,0,0,0,0,0,0.0,0.0%
Targett,DEF,4.0,0,0,0,0,0,0,0.0,0.0%
Antoñito C.,MID,4.9,0,0,0,0,0,0,0.0,0.0%
Hayden,MID,4.5,0,0,0,0,0,0,0.0,0.0%
Kuol,MID,4.4,0,0,0,0,0,0,0.0,0.0%
White,MID,4.5,0,0,0,0,0,0,0.0,0.0%
Neave,FWD,4.4,0,0,0,0,0,0,0.0,0.0%
C.Miguel,GK,4.0,0,0,0,0,0,0,0.0,0.0%
Turner,GK,4.0,0,0,0,0,0,0,0.0,0.0%
Aina,DEF,4.9,0,0,0,0,0,0,0.0,0.0%
David Carmo,DEF,4.5,0,0,0,0,0,0,0.0,0.0%
O.Richards,DEF,4.5,0,0,0,0,0,0,0.0,0.0%
Abbott,DEF,4.0,0,0,0,0,0,0,0.0,0.0%
Jota,MID,5.4,0,0,0,0,0,0,0.0,0.0%
O'Brien,MID,5.0,0,0,0,0,0,0,0.0,0.0%
Da Silva Moreira,MID,4.5,0,0,0,0,0,0,0.0,0.0%
Stamenic,MID,4.5,0,0,0,0,0,0,0.0,0.0%
Moore,GK,4.0,0,0,0,0,0,0,0.0,0.0%
Nna Noukeu,GK,4.0,0,0,0,0,0,0,0.0,0.0%
Anderson,DEF,3.9,0,0,0,0,0,0,0.0,0.0%
Hjelde,DEF,4.0,0,0,0,0,0,0,0.0,0.0%
Huggins,DEF,4.0,0,0,0,0,0,0,0.0,0.0%
Johnson,DEF,4.0,0,0,0,0,0,0,0.0,0.0%
Seelt,DEF,4.0,0,0,0,0,0,0,0.0,0.0%
Roberts,MID,5.4,0,0,0,0,0,0,0.0,0.0%
Aleksić,MID,4.9,0,0,0,0,0,0,0.0,0.0%
Ba,MID,4.4,0,0,0,0,0,0,0.0,0.0%
Browne,MID,4.5,0,0,0,0,0,0,0.0,0.0%
Ekwah,MID,4.5,0,0,0,0,0,0,0.0,0.0%
H.Jones,MID,4.4,0,0,0,0,0,0,0.0,0.0%
Triantis,MID,4.4,0,0,0,0,0,0,0.0,0.0%
Abdullahi,FWD,4.4,0,0,0,0,0,0,0.0,0.1%
Luís Hemir,FWD,4.4,0,0,0,0,0,0,0.0,0.0%
Rusyn,FWD,4.4,0,0,0,0,0,0,0.0,0.3%
Austin,GK,4.0,0,0,0,0,0,0,0.0,0.0%
Phillips,DEF,4.0,0,0,0,0,0,0,0.0,0.0%
Takai,DEF,4.0,0,0,0,0,0,0,0.0,0.0%
Vuskovic,DEF,3.9,0,0,0,0,0,0,0.0,0.0%
Son,MID,8.5,0,0,0,0,0,0,0.0,0.0%
Maddison,MID,6.9,0,0,0,0,0,0,0.0,0.0%
Bissouma,MID,5.3,0,0,0,0,0,0,0.0,0.0%
Solomon,MID,5.4,0,0,0,0,0,0,0.0,0.0%
Bryan,MID,4.9,0,0,0,0,0,0,0.0,0.0%
Moore,MID,5.0,0,0,0,0,0,0,0.0,0.0%
Min-hyeok,MID,4.5,0,0,0,0,0,0,0.0,0.0%
Olusesi,MID,4.4,0,0,0,0,0,0,0.0,0.0%
Lankshear,FWD,4.5,0,0,0,0,0,0,0.0,0.0%
Foderingham,GK,4.0,0,0,0,0,0,0,0.0,0.0%
Hegyi,GK,4.0,0,0,0,0,0,0,0.0,0.0%
Emerson,DEF,4.4,0,0,0,0,0,0,0.0,0.0%
N.Aguerd,DEF,4.4,0,0,0,0,0,0,0.0,0.0%
Casey,DEF,4.0,0,0,0,0,0,0,0.0,0.0%
Álvarez,MID,4.9,0,0,0,0,0,0,0.0,0.0%
Cornet,MID,4.9,0,0,0,0,0,0,0.0,0.0%
Earthy,MID,4.5,0,0,0,0,0,0,0.0,0.0%
Orford,MID,4.4,0,0,0,0,0,0,0.0,0.0%
Bentley,GK,4.0,0,0,0,0,0,0,0.0,0.0%
King,GK,4.0,0,0,0,0,0,0,0.0,0.0%
Meupiyou,DEF,4.0,0,0,0,0,0,0,0.0,0.0%
Pedro Lima,DEF,4.0,0,0,0,0,0,0,0.0,0.0%
Pond,DEF,4.0,0,0,0,0,0,0,0.0,0.0%
Guedes,MID,5.5,0,0,0,0,0,0,0.0,0.0%
B.Traore,MID,5.0,0,0,0,0,0,0,0.0,0.0%
Chirewa,MID,4.4,0,0,0,0,0,0,0.0,0.0%
Edozie,MID,4.4,0,0,0,0,0,0,0.0,0.0%
Gonzalez,MID,4.4,0,0,0,0,0,0,0.0,0.0%
Hodge,MID,4.5,0,0,0,0,0,0,0.0,0.0%
Fábio Silva,FWD,4.9,0,0,0,0,0,0,0.0,0.0%
Kalajdžić,FWD,4.9,0,0,0,0,0,0,0.0,0.0%
Chiwome,FWD,4.5,0,0,0,0,0,0,0.0,0.1%
Gunn,GK,4.0,0,0,0,0,0,0,0.0,0.0%
Rees-Dottin,MID,4.5,0,0,0,0,0,0,0.0,0.0%
Wright,GK,4.0,0,0,0,0,0,0,0.0,0.0%
Seung soo,MID,4.5,0,0,0,0,0,0,0.0,0.0%
Rowe,DEF,4.0,0,0,0,0,0,0,0.0,0.0%
Burrowes,MID,4.5,0,0,0,0,0,0,0.0,0.0%
Proctor,GK,4.0,0,0,0,0,0,0,0.0,0.0%
Onyango,MID,4.5,0,0,0,0,0,0,0.0,0.0%
Campbell,DEF,4.0,0,0,0,0,0,0,0.0,0.0%
Patterson,DEF,4.0,0,0,0,0,0,0,0.0,0.0%
Harriman-Annous,MID,4.5,0,0,0,0,0,0,0.0,0.0%
Cuiabano,DEF,4.5,0,0,0,0,0,0,0.0,0.0%
Kusi-Asare,FWD,4.5,0,0,0,0,0,0,0.0,0.0%
Mukasa,MID,4.5,0,0,0,0,0,0,0.0,0.0%
Mfuni,DEF,4.0,0,0,0,0,0,0,0.0,0.0%
Raheem Sterling,FWD,99.9,0,0,0,0,0,0,0.0,0.0%
Sam Chambers,MID,99.9,0,0,0,0,0,0,0.0,0.0%
John Ruddy,GK,99.9,0,0,0,0,0,0,0.0,0.0%
Oliver Pimlott,MID,99.9,0,0,0,0,0,0,0.0,0.0%
