Name,Position,Price,xMins,GW4,GW5,GW6,GW7,Total,/£M,Elite%
M.Salah,MID,14.5,89,7.1,7.1,5.8,5.0,25.0,0.43,95.5%
Haaland,FWD,14.1,90,6.6,4.3,7.3,5.5,23.8,0.42,4.8%
Gyökeres,FWD,9.0,82,5.8,5.0,4.5,6.0,21.4,0.59,40.3%
B.Fernandes,MID,9.0,90,4.5,5.1,5.2,6.6,21.4,0.59,93.0%
Watkins,FWD,8.9,86,4.2,5.2,4.9,5.5,19.8,0.56,46.8%
Mateta,FWD,7.5,85,6.3,4.8,3.9,3.7,18.7,0.62,60.0%
Mbeumo,MID,8.1,89,3.8,4.2,4.4,5.6,18.0,0.56,3.7%
Ødegaard,MID,7.9,82,5.0,4.0,3.7,4.5,17.1,0.54,0.0%
Virgil,DEF,6.0,90,4.9,4.7,4.1,3.3,17.0,0.71,5.3%
Wirtz,MID,8.4,76,4.9,4.7,3.8,3.4,16.8,0.50,64.0%
Semenyo,MID,7.4,86,4.4,4.1,4.0,4.3,16.8,0.57,6.5%
Rogers,MID,7.0,88,3.7,4.4,4.0,4.6,16.8,0.60,11.3%
Evanilson,FWD,7.0,82,4.2,4.1,3.9,4.2,16.5,0.59,13.7%
Gakpo,MID,7.7,76,5.0,4.5,3.7,3.0,16.2,0.53,5.5%
Palmer,MID,10.4,72,1.9,4.1,5.7,4.5,16.2,0.39,12.5%
João Pedro,FWD,7.7,75,4.3,3.8,4.3,3.7,16.1,0.52,17.3%
Rice,MID,6.5,87,4.5,3.7,3.4,4.2,15.9,0.61,0.1%
Muñoz,DEF,5.6,91,5.7,3.9,2.7,3.5,15.8,0.70,6.9%
Gabriel,DEF,6.1,91,4.5,3.5,3.3,4.5,15.8,0.65,1.8%
Reijnders,MID,5.7,83,4.3,2.8,4.4,3.9,15.4,0.68,54.5%
Šeško,FWD,7.4,76,3.3,3.8,3.8,4.5,15.4,0.52,0.0%
Wood,FWD,7.7,81,3.2,4.0,4.9,3.2,15.3,0.50,14.5%
Raya,GK,5.5,92,4.0,3.7,3.6,4.0,15.3,0.70,1.2%
Xavi,MID,7.0,59,3.1,3.8,4.6,3.7,15.2,0.54,0.0%
Tielemans,MID,5.9,88,3.5,4.0,3.8,3.9,15.1,0.64,19.4%
Mitoma,MID,6.4,85,3.9,4.1,3.1,4.0,15.1,0.59,4.0%
Georginio,MID,5.9,77,3.8,4.3,3.2,3.8,15.1,0.64,19.1%
Ndiaye,MID,6.5,65,2.9,3.1,4.8,4.3,15.1,0.58,2.8%
O.Dango,MID,6.0,84,3.8,3.7,4.0,3.6,15.1,0.63,5.0%
Lacroix,DEF,5.0,91,5.0,3.6,2.8,3.5,15.0,0.75,3.5%
Kudus,MID,6.6,79,4.0,3.4,4.2,3.4,15.0,0.57,9.0%
Tarkowski,DEF,5.5,93,4.0,2.7,4.3,3.9,15.0,0.68,8.5%
Damsgaard,MID,5.9,88,3.8,3.6,3.9,3.6,15.0,0.63,0.0%
Bowen,FWD,7.8,92,4.3,4.1,3.6,3.0,14.9,0.48,1.6%
Anderson,MID,5.5,84,3.3,3.9,4.3,3.4,14.9,0.68,25.7%
Kluivert,MID,7.0,67,3.9,3.7,3.7,3.7,14.9,0.53,0.1%
Murillo,DEF,5.5,90,2.8,4.1,4.9,3.1,14.9,0.68,67.3%
A.Becker,GK,5.5,94,4.1,4.0,3.5,3.2,14.8,0.67,0.3%
Rodrigo,MID,6.4,89,4.0,3.2,4.0,3.7,14.8,0.58,0.0%
Bruno G.,MID,6.5,90,4.4,3.6,3.2,3.6,14.8,0.57,0.1%
Thiago,FWD,6.0,82,3.8,3.6,3.9,3.4,14.7,0.61,9.2%
Senesi,DEF,4.6,89,3.8,3.6,3.6,3.8,14.7,0.80,2.0%
Calafiori,DEF,5.7,73,4.6,3.5,3.0,3.6,14.7,0.64,0.0%
Martinez,GK,5.0,91,3.3,3.8,3.7,3.9,14.7,0.73,0.6%
Enzo,MID,6.6,88,4.0,3.5,3.8,3.3,14.7,0.56,0.8%
Cash,DEF,4.5,79,3.1,3.9,3.6,4.0,14.6,0.81,0.0%
Richards,DEF,4.5,89,4.8,3.6,2.8,3.4,14.6,0.81,14.2%
Neto,MID,7.0,78,4.2,3.5,3.8,3.0,14.5,0.52,0.1%
Konaté,DEF,5.5,86,4.2,4.1,3.3,2.9,14.5,0.66,0.0%
Andersen,DEF,4.5,91,4.1,4.0,3.1,3.3,14.5,0.80,80.7%
Konsa,DEF,4.5,90,3.1,4.0,3.5,3.9,14.4,0.80,6.0%
Woltemade,FWD,7.0,80,5.0,3.7,2.6,3.1,14.3,0.51,0.0%
Minteh,MID,5.9,80,3.8,3.8,3.0,3.7,14.3,0.60,0.2%
Yeremy,MID,6.0,66,4.2,3.9,3.1,3.0,14.2,0.59,0.0%
Stach,MID,5.0,86,3.5,3.5,3.6,3.6,14.2,0.71,1.4%
Schade,MID,7.0,76,3.6,3.5,3.7,3.3,14.1,0.50,0.0%
Iwobi,MID,6.5,77,3.9,3.8,3.1,3.2,14.1,0.54,0.0%
Petrović,GK,4.5,93,3.5,3.4,3.4,3.6,14.1,0.78,3.5%
Guéhi,DEF,4.6,91,4.8,3.4,2.5,3.4,14.0,0.76,0.9%
Henderson,GK,5.0,94,4.2,3.5,3.0,3.3,14.0,0.70,0.0%
Milenković,DEF,5.5,90,2.5,3.9,4.7,2.9,14.0,0.63,3.6%
Tonali,MID,5.4,85,4.0,3.4,3.0,3.6,13.9,0.65,0.0%
Vicario,GK,5.0,93,3.5,3.2,3.8,3.4,13.9,0.69,10.3%
Dewsbury-Hall,MID,5.0,84,3.8,2.7,3.9,3.5,13.9,0.69,8.7%
L.Paquetá,MID,5.9,80,3.9,3.8,3.4,2.8,13.9,0.59,5.8%
Foden,MID,8.0,54,3.6,2.6,4.2,3.5,13.8,0.43,0.0%
Cucurella,DEF,6.1,89,3.9,3.3,3.9,2.7,13.8,0.57,2.2%
Joelinton,MID,5.9,68,3.7,3.4,3.1,3.6,13.8,0.58,0.0%
Ekitiké,FWD,8.8,72,4.6,3.9,3.0,2.2,13.8,0.39,1.6%
J.Timber,DEF,5.6,77,4.3,3.1,2.7,3.7,13.8,0.62,0.0%
Sánchez,GK,5.0,94,3.7,3.3,3.6,3.1,13.8,0.69,66.0%
Sels,GK,5.0,93,2.8,3.7,4.1,3.1,13.7,0.69,11.6%
Pope,GK,5.0,91,4.0,3.3,2.9,3.5,13.6,0.68,0.0%
J.Arias,MID,5.4,76,3.3,4.0,3.1,3.3,13.6,0.63,0.4%
Leno,GK,5.0,93,3.7,3.7,3.1,3.1,13.6,0.68,0.0%
Eze,MID,7.5,62,3.9,3.1,2.8,3.7,13.6,0.45,0.0%
Pickford,GK,5.5,93,3.6,2.8,3.7,3.5,13.6,0.62,0.0%
Gibbs-White,MID,7.5,76,2.8,3.5,4.4,2.9,13.6,0.45,0.3%
Pedro Porro,DEF,5.6,80,3.6,3.0,4.0,3.0,13.6,0.61,95.8%
Mitchell,DEF,5.0,81,4.7,3.3,2.4,3.1,13.5,0.67,0.0%
Dorgu,DEF,4.5,84,2.6,3.2,3.2,4.5,13.4,0.75,22.3%
Grealish,MID,6.7,80,3.6,2.7,3.8,3.2,13.3,0.50,0.0%
Tavernier,MID,5.5,61,3.3,3.2,3.3,3.5,13.3,0.60,0.0%
Caicedo,MID,5.5,77,3.2,3.4,3.6,3.2,13.3,0.60,0.2%
Romero,DEF,5.0,91,3.4,2.8,3.9,3.2,13.3,0.66,12.9%
Diakité,DEF,4.5,90,3.4,3.1,3.2,3.5,13.2,0.74,0.1%
Donnarumma,GK,5.5,62,2.4,2.9,4.1,3.7,13.2,0.60,0.0%
Truffert,DEF,4.5,89,3.4,3.1,3.1,3.4,13.0,0.72,0.2%
Burn,DEF,5.0,87,4.2,3.1,2.6,3.1,13.0,0.65,0.0%
Mac Allister,MID,6.4,50,2.7,3.9,3.4,3.0,13.0,0.51,0.0%
Barnes,MID,6.5,72,4.8,3.7,1.9,2.5,13.0,0.50,0.9%
Lukić,MID,5.0,86,3.6,3.5,2.8,3.1,12.9,0.65,0.0%
Verbruggen,GK,4.5,92,3.1,3.4,2.9,3.5,12.9,0.72,6.3%
Muniz,FWD,5.5,69,3.9,3.6,2.7,2.6,12.8,0.58,0.0%
Gvardiol,DEF,5.8,58,2.6,2.6,4.3,3.3,12.8,0.55,0.2%
Saka,MID,9.8,0,0.0,2.7,4.2,5.8,12.8,0.33,0.1%
Rodon,DEF,4.0,90,3.1,3.3,3.1,3.1,12.7,0.79,6.7%
Tete,DEF,4.5,83,3.9,3.6,2.6,2.6,12.7,0.70,0.0%
Szoboszlai,MID,6.5,67,3.9,3.4,2.7,2.6,12.6,0.49,0.0%
Collins,DEF,5.0,92,3.2,3.3,3.2,2.9,12.6,0.63,0.2%
Welbeck,FWD,6.4,63,3.3,3.6,2.8,2.8,12.5,0.49,0.0%
Van Hecke,DEF,4.5,91,3.2,3.4,2.4,3.5,12.5,0.70,0.0%
Gravenberch,MID,5.5,85,3.5,3.3,2.9,2.8,12.5,0.57,0.0%
Livramento,DEF,5.1,82,4.0,2.8,2.4,3.3,12.5,0.61,0.1%
N.Williams,DEF,5.0,92,2.6,3.6,3.9,2.4,12.5,0.62,34.8%
Kelleher,GK,4.5,92,3.1,3.2,3.3,3.0,12.4,0.69,2.9%
Gudmundsson,DEF,4.0,87,3.0,3.4,3.1,3.0,12.4,0.78,4.3%
Mings,DEF,4.5,74,2.7,3.3,3.0,3.4,12.3,0.69,0.0%
Van den Berg,DEF,4.5,91,3.1,3.2,3.3,2.7,12.3,0.68,0.7%
De Ligt,DEF,5.0,87,2.5,3.0,3.0,3.8,12.3,0.61,0.0%
Hermansen,GK,4.5,93,3.3,3.3,3.1,2.6,12.3,0.68,0.1%
Anthony,MID,5.5,82,3.1,3.6,2.8,2.8,12.2,0.56,0.0%
Bogle,DEF,4.5,84,2.8,3.4,3.0,3.1,12.2,0.68,0.0%
Chalobah,DEF,5.1,80,3.5,3.1,3.2,2.4,12.2,0.60,0.0%
Saliba,DEF,6.1,78,1.8,3.3,3.0,4.0,12.2,0.50,0.1%
Elanga,MID,7.0,66,4.0,3.1,2.4,2.7,12.2,0.43,0.8%
José Sá,GK,4.5,94,2.8,3.4,2.9,3.1,12.2,0.68,0.0%
Roefs,GK,4.5,95,3.1,3.1,3.1,2.8,12.2,0.68,0.0%
Calvert-Lewin,FWD,5.5,69,3.3,3.1,3.0,2.9,12.1,0.55,0.0%
Doku,MID,6.4,60,3.4,2.5,3.3,2.9,12.1,0.47,0.0%
Diarra,MID,5.5,80,3.0,3.3,2.9,2.9,12.1,0.55,0.0%
Agbadou,DEF,4.5,91,2.7,3.6,2.7,3.0,12.0,0.67,7.9%
Amad,MID,6.4,74,2.9,3.1,2.8,3.3,12.0,0.47,0.0%
O'Brien,DEF,5.0,91,3.4,1.9,3.7,3.0,12.0,0.60,0.1%
Van de Ven,DEF,4.6,90,3.1,2.6,3.4,2.8,11.9,0.65,15.3%
Robinson,DEF,5.0,58,2.6,3.8,2.7,2.8,11.9,0.59,0.0%
Kerkez,DEF,6.0,74,3.7,3.4,2.7,2.2,11.9,0.50,0.2%
Munetsi,MID,5.5,75,2.8,3.3,2.8,3.0,11.9,0.54,0.0%
Zubimendi,MID,5.5,82,3.2,2.8,2.8,3.0,11.9,0.54,0.0%
Gomes,MID,5.4,82,2.9,3.2,2.9,2.9,11.8,0.55,0.0%
Douglas Luiz,MID,5.0,60,2.3,3.1,3.6,2.8,11.8,0.59,0.0%
Hudson-Odoi,MID,6.0,67,2.5,3.0,3.7,2.6,11.8,0.49,0.0%
Xhaka,MID,5.0,90,3.0,3.0,2.8,2.9,11.7,0.59,0.2%
James,MID,5.4,63,2.9,3.0,3.0,2.7,11.7,0.54,0.0%
Dúbravka,GK,4.0,93,2.8,3.3,2.6,2.9,11.6,0.73,95.4%
McGinn,MID,5.5,75,3.0,3.2,2.8,2.8,11.6,0.53,0.0%
Bassey,DEF,4.5,90,3.5,3.3,2.4,2.4,11.6,0.64,0.0%
Kamada,MID,5.0,69,4.0,3.0,2.3,2.2,11.6,0.58,0.0%
Schär,DEF,5.5,56,2.9,3.0,2.5,3.2,11.5,0.52,0.1%
P.M.Sarr,MID,5.0,74,3.1,2.7,3.1,2.6,11.5,0.58,0.3%
Beto,FWD,5.4,54,3.1,2.2,3.4,2.9,11.5,0.53,0.0%
Kilman,DEF,4.4,90,3.3,3.2,3.0,2.1,11.5,0.65,0.1%
Dunk,DEF,4.5,87,2.9,3.0,2.3,3.2,11.4,0.63,0.0%
Gana,MID,5.4,82,3.1,2.5,3.0,2.8,11.4,0.53,0.0%
Richarlison,FWD,6.7,65,3.8,2.9,2.9,1.9,11.4,0.43,0.1%
King,MID,4.5,64,3.2,3.2,2.4,2.5,11.4,0.63,2.0%
Elliott,MID,5.4,63,2.8,3.4,2.5,2.6,11.3,0.52,0.0%
Ward-Prowse,MID,5.9,81,3.1,2.9,2.9,2.4,11.3,0.48,0.0%
Casemiro,MID,5.5,71,2.8,2.8,2.7,2.9,11.2,0.51,0.0%
Hall,DEF,5.4,55,3.0,2.4,2.5,3.4,11.2,0.52,0.0%
Mykolenko,DEF,4.9,80,2.4,2.0,3.7,3.2,11.2,0.57,0.0%
Madueke,MID,7.0,66,4.3,2.6,1.9,2.5,11.2,0.40,0.2%
Garner,MID,5.0,79,3.0,2.5,2.9,2.7,11.2,0.56,0.0%
Yoro,DEF,4.5,86,2.3,2.7,2.6,3.5,11.1,0.62,0.0%
Rúben,DEF,5.5,81,3.3,2.1,3.1,2.6,11.1,0.50,0.0%
Okafor,MID,5.5,51,2.4,2.5,2.9,3.1,11.0,0.50,0.0%
Bernardo,MID,6.4,62,2.9,2.1,3.3,2.7,11.0,0.43,0.0%
Estève,DEF,4.0,90,2.4,3.5,2.3,2.7,10.9,0.68,84.4%
Keane,DEF,4.5,86,3.6,2.2,3.1,2.1,10.9,0.61,0.0%
Tosin,DEF,4.5,78,3.5,2.9,2.7,1.9,10.9,0.60,1.1%
Yarmoliuk,MID,5.0,79,2.9,2.8,2.6,2.6,10.8,0.54,0.0%
Ndoye,MID,6.1,60,2.4,2.9,3.3,2.3,10.8,0.44,0.2%
Bobb,MID,5.5,51,2.9,2.1,3.0,2.8,10.8,0.49,0.0%
Wan-Bissaka,DEF,4.4,90,3.2,3.1,2.7,1.7,10.8,0.61,0.5%
Toti,DEF,4.4,89,2.4,3.1,2.4,2.8,10.7,0.61,0.0%
De Cuyper,DEF,4.5,75,2.7,3.1,2.0,2.9,10.7,0.59,0.8%
Cullen,MID,5.0,86,2.9,2.9,2.4,2.5,10.6,0.53,0.0%
Christie,MID,5.0,51,2.4,2.7,2.7,2.7,10.5,0.53,0.0%
Diouf,DEF,4.5,83,3.1,3.1,2.7,1.6,10.5,0.58,3.2%
Frimpong,DEF,5.9,27,1.6,2.8,3.4,2.6,10.4,0.44,0.1%
M.Fernandes,MID,5.5,63,2.8,2.7,2.7,2.2,10.4,0.47,0.0%
Digne,DEF,4.5,58,2.4,2.8,2.5,2.7,10.4,0.58,0.0%
Hannibal,MID,5.0,66,2.4,2.9,2.4,2.4,10.2,0.51,0.0%
Isak,FWD,10.4,13,1.0,2.3,3.0,3.8,10.2,0.24,0.0%
André,MID,5.5,76,2.5,2.6,2.4,2.6,10.1,0.46,0.0%
Adams,MID,5.0,84,3.2,2.6,2.2,2.1,10.1,0.51,0.0%
Bruun Larsen,MID,5.4,59,2.6,2.7,2.4,2.4,10.1,0.47,0.0%
Bentancur,MID,5.5,69,2.6,2.3,2.7,2.4,10.1,0.46,0.0%
Berge,MID,5.0,79,2.7,2.6,2.3,2.3,10.0,0.50,0.0%
Estêvão,MID,6.5,40,2.1,2.7,2.8,2.4,10.0,0.38,0.1%
Johnson,MID,7.1,54,3.0,2.2,2.5,2.3,10.0,0.35,0.6%
Sadiki,MID,5.0,84,2.5,2.5,2.4,2.4,9.9,0.50,0.0%
Ekdal,DEF,4.0,86,2.4,3.0,2.0,2.4,9.8,0.61,0.0%
Alderete,DEF,4.0,82,2.7,2.5,2.3,2.3,9.7,0.61,1.7%
Baleba,MID,4.9,64,2.5,2.6,2.2,2.4,9.7,0.49,0.0%
Talbi,MID,5.0,68,2.5,2.6,2.3,2.2,9.7,0.48,0.0%
Savinho,MID,6.9,36,2.2,1.9,3.0,2.5,9.6,0.35,0.1%
Souček,MID,5.8,65,2.7,2.6,2.3,2.0,9.5,0.41,0.0%
Gnonto,MID,5.4,52,2.3,2.4,2.3,2.5,9.5,0.44,0.0%
Adingra,MID,5.5,60,2.3,2.5,2.4,2.2,9.5,0.43,0.1%
Mukiele,DEF,4.0,83,2.5,2.6,2.2,2.1,9.5,0.59,0.0%
Gittens,MID,6.3,61,3.4,2.2,2.0,1.9,9.5,0.38,0.0%
A.Jimenez,DEF,4.5,61,2.5,2.4,2.2,2.3,9.4,0.52,0.0%
Adli,MID,5.5,39,2.1,2.3,2.3,2.5,9.2,0.42,0.0%
Savona,DEF,4.5,87,1.8,2.4,3.1,1.8,9.2,0.51,0.0%
J.Palhinha,MID,5.5,60,2.3,2.2,2.4,2.3,9.2,0.42,0.1%
Foster,FWD,5.0,59,2.4,2.7,2.0,2.1,9.1,0.46,0.0%
Wieffer,MID,5.0,43,1.8,2.1,2.6,2.6,9.1,0.45,0.0%
Hartman,DEF,4.0,83,2.0,3.2,1.7,2.2,9.1,0.57,0.4%
Kayode,DEF,4.5,71,2.2,2.4,2.5,2.0,9.1,0.50,0.0%
Henderson,MID,5.0,63,2.3,2.4,2.3,2.1,9.0,0.45,0.0%
Lewis-Potter,DEF,5.0,69,2.3,2.3,2.5,1.9,9.0,0.45,0.0%
Raúl,FWD,6.4,32,2.2,2.3,2.3,2.2,9.0,0.35,0.0%
Reinildo,DEF,4.0,79,2.2,2.5,2.2,2.0,8.9,0.56,0.6%
Krejčí,DEF,4.5,55,1.5,2.6,2.3,2.5,8.9,0.50,0.0%
Hughes,MID,4.9,65,3.1,2.3,1.8,1.7,8.9,0.45,0.0%
Barry,FWD,5.9,42,2.3,1.8,2.5,2.2,8.8,0.37,0.0%
Darlow,GK,4.0,87,3.0,3.3,1.9,0.5,8.7,0.55,0.0%
Gusto,DEF,5.0,61,2.7,2.0,2.3,1.7,8.7,0.44,0.0%
Ampadu,MID,4.9,61,1.6,2.5,2.4,2.3,8.7,0.44,0.0%
Spence,DEF,4.5,64,2.4,1.9,2.5,2.0,8.7,0.48,0.2%
Ayari,MID,5.0,55,2.3,2.2,2.0,2.1,8.7,0.43,0.0%
Malen,MID,5.3,50,2.6,2.4,1.7,2.0,8.6,0.41,0.0%
Maatsen,DEF,4.4,42,1.7,2.3,2.1,2.3,8.5,0.48,0.0%
Guessand,MID,6.4,43,2.2,2.3,2.0,1.9,8.4,0.33,0.0%
Walker,DEF,4.5,88,1.8,2.9,1.6,2.1,8.3,0.46,0.0%
Wilson,MID,5.4,45,2.6,2.1,1.7,1.8,8.3,0.38,0.0%
Lewis,DEF,5.0,43,1.9,1.5,2.6,2.2,8.2,0.41,0.0%
James,DEF,5.5,52,2.6,1.8,2.1,1.6,8.2,0.37,0.0%
Tolu,FWD,5.5,53,2.3,3.1,1.3,1.4,8.1,0.37,0.0%
Füllkrug,FWD,5.8,40,1.6,2.4,2.2,1.9,8.1,0.35,0.9%
E.Le Fée,MID,4.9,49,1.9,2.2,1.9,1.9,8.0,0.41,0.0%
Gruda,MID,5.4,36,1.9,2.1,1.8,2.2,8.0,0.37,0.0%
Sancho,MID,5.9,22,1.1,1.4,2.4,3.0,8.0,0.34,0.0%
Bradley,DEF,5.0,56,3.2,2.6,1.0,1.1,7.9,0.40,0.0%
Wilson,FWD,5.9,51,2.6,2.0,1.6,1.6,7.9,0.33,0.0%
Gomez,MID,5.0,42,2.0,2.1,1.9,2.0,7.9,0.39,0.0%
Lerma,MID,5.0,69,3.0,2.4,1.5,1.0,7.8,0.39,0.0%
Tchatchoua,DEF,4.5,70,1.8,2.6,1.6,1.9,7.8,0.43,0.0%
Aït-Nouri,DEF,6.0,0,0.0,0.8,3.9,3.1,7.8,0.32,1.7%
Shaw,DEF,4.5,61,1.6,1.9,1.9,2.3,7.6,0.42,0.0%
Mainoo,MID,4.9,58,2.1,2.0,1.6,1.9,7.5,0.38,0.0%
Bellegarde,MID,5.4,41,1.8,2.0,1.7,2.0,7.5,0.35,0.0%
Brobbey,FWD,5.5,33,1.5,1.8,1.8,2.2,7.4,0.34,0.0%
Ugochukwu,MID,5.0,63,2.0,2.1,1.7,1.6,7.4,0.37,0.0%
Bijol,DEF,4.0,31,1.1,1.7,2.0,2.5,7.4,0.46,0.2%
Strand Larsen,FWD,6.4,0,0.0,1.0,2.8,3.5,7.3,0.29,41.7%
Wissa,FWD,7.5,0,0.0,1.2,2.8,3.3,7.3,0.24,0.1%
Kolo Muani,FWD,7.0,15,0.9,1.4,2.5,2.4,7.2,0.26,0.0%
Matheus N.,DEF,5.4,47,2.2,1.2,2.3,1.6,7.2,0.33,0.0%
Tanaka,MID,4.9,41,1.2,1.9,2.3,1.9,7.2,0.37,0.0%
Udogie,DEF,4.4,35,1.4,1.4,2.4,2.0,7.2,0.41,0.0%
Smith Rowe,MID,5.9,35,1.9,1.8,1.7,1.7,7.1,0.30,0.0%
Bayindir,GK,5.0,92,2.9,2.2,1.5,0.5,7.1,0.36,0.0%
Geertruida,DEF,4.5,50,1.3,1.9,2.0,1.8,7.1,0.39,0.0%
Florentino,MID,5.0,30,1.1,1.8,2.0,2.0,6.9,0.35,0.0%
Zirkzee,FWD,5.9,44,1.9,1.8,1.3,1.9,6.9,0.29,0.0%
Hinshelwood,MID,5.3,39,1.6,1.8,1.6,1.9,6.9,0.33,0.0%
Struijk,DEF,4.5,59,2.0,1.9,1.6,1.4,6.9,0.38,0.0%
Zinchenko,DEF,4.9,0,0.0,2.2,2.9,1.6,6.8,0.35,0.0%
Mayenda,FWD,5.5,41,1.8,1.9,1.6,1.4,6.7,0.31,0.0%
Mount,MID,6.0,0,0.0,0.7,2.4,3.6,6.7,0.28,0.0%
Dibling,MID,5.5,43,2.2,1.3,1.6,1.5,6.7,0.30,0.0%
Chukwueze,MID,5.5,15,0.9,1.8,1.9,2.0,6.6,0.30,0.0%
Mavropanos,DEF,4.4,45,1.8,1.8,1.7,1.4,6.6,0.38,0.0%
Summerville,MID,5.5,26,1.4,1.7,1.7,1.7,6.5,0.29,0.0%
Garnacho,MID,6.4,15,1.0,1.2,2.0,2.3,6.5,0.25,0.0%
Devenny,MID,4.5,44,2.8,1.8,1.1,0.7,6.4,0.36,0.1%
Lammens,GK,5.0,0,0.0,1.0,2.0,3.5,6.4,0.32,0.0%
Gordon,MID,7.4,0,0.0,0.0,2.8,3.6,6.4,0.22,0.2%
Aké,DEF,5.5,58,2.5,1.2,1.5,1.1,6.3,0.29,0.0%
Trippier,DEF,5.0,38,2.2,1.5,1.1,1.5,6.3,0.32,0.0%
Merino,MID,5.9,23,1.4,1.6,1.4,2.0,6.3,0.27,0.0%
Cook,MID,4.9,0,0.0,1.7,2.1,2.5,6.3,0.32,0.0%
Kamara,MID,4.9,0,0.0,1.3,2.4,2.6,6.3,0.32,0.0%
Nelson,MID,4.9,23,1.2,1.4,2.0,1.7,6.3,0.32,0.0%
J.Murphy,MID,6.3,34,2.1,2.0,1.0,1.2,6.2,0.25,0.0%
Hume,DEF,4.5,64,1.9,1.7,1.5,1.1,6.2,0.34,0.0%
Nmecha,FWD,5.0,26,1.2,1.7,1.7,1.6,6.2,0.31,0.0%
Wharton,MID,5.0,0,0.0,0.9,2.1,3.1,6.1,0.30,0.0%
Mazraoui,DEF,4.9,45,1.3,1.8,1.4,1.5,6.1,0.31,0.0%
Bergvall,MID,5.4,36,1.6,1.5,1.5,1.4,6.0,0.28,0.0%
Khusanov,DEF,5.4,58,2.4,1.0,1.2,1.4,6.0,0.28,0.0%
Hee Chan,MID,5.9,42,2.2,1.8,1.0,1.0,6.0,0.25,0.0%
Uche,FWD,5.5,35,2.1,1.7,1.1,1.0,6.0,0.27,0.0%
Todibo,DEF,4.4,43,1.6,1.5,1.6,1.1,5.9,0.33,0.0%
Piroe,FWD,5.4,26,1.0,1.7,1.6,1.5,5.9,0.27,0.2%
Thiaw,DEF,5.0,49,2.3,1.2,0.8,1.6,5.9,0.29,0.0%
Alcaraz,MID,5.4,34,1.8,1.3,1.4,1.3,5.8,0.27,0.0%
Sessegnon,MID,5.4,38,1.8,1.3,1.2,1.4,5.7,0.26,0.0%
Scott,MID,5.0,48,2.1,1.2,1.1,1.2,5.7,0.28,0.0%
Kalimuendo,FWD,6.0,24,1.1,1.4,1.6,1.4,5.6,0.23,0.0%
Martinelli,MID,6.9,28,1.9,1.3,1.0,1.4,5.6,0.20,0.0%
White,DEF,5.4,20,1.0,1.2,1.4,1.9,5.6,0.26,0.0%
Kevin,MID,6.0,18,1.1,1.5,1.5,1.4,5.6,0.23,0.0%
H.Bueno,DEF,4.5,45,1.1,1.8,1.2,1.3,5.5,0.30,0.0%
Broja,FWD,5.4,22,1.2,1.5,1.4,1.4,5.5,0.25,0.0%
Longstaff,MID,4.9,40,1.5,1.4,1.2,1.4,5.5,0.28,0.0%
McAtee,MID,5.5,27,1.2,1.3,1.7,1.2,5.4,0.25,0.0%
Igor,DEF,4.5,48,1.6,1.6,1.4,0.9,5.4,0.30,0.0%
Tchaouna,MID,5.0,27,1.3,1.3,1.2,1.5,5.3,0.27,0.0%
Solanke,FWD,7.2,0,0.0,0.6,2.3,2.4,5.3,0.18,0.2%
F.Kadıoğlu,DEF,4.4,32,1.2,1.5,0.9,1.7,5.3,0.30,0.0%
Sarr,MID,6.5,0,0.0,0.0,1.6,3.6,5.2,0.20,31.8%
Mosquera,DEF,5.4,62,2.8,0.6,0.6,1.1,5.2,0.24,0.0%
Dalot,DEF,4.5,0,0.0,0.5,1.8,2.9,5.2,0.29,0.0%
Pau,DEF,4.5,26,0.9,1.5,1.3,1.5,5.1,0.29,0.0%
Traoré,MID,5.5,20,1.0,1.3,1.4,1.5,5.1,0.23,0.0%
Møller Wolfe,DEF,4.5,38,1.2,1.4,1.1,1.3,5.0,0.28,0.0%
Fer López,MID,5.4,23,1.1,1.4,1.2,1.3,5.0,0.23,0.0%
Robertson,DEF,5.9,22,1.2,1.4,1.3,1.2,5.0,0.21,0.0%
Igor Jesus,FWD,5.9,21,1.0,1.3,1.6,1.0,4.9,0.21,0.0%
Ugarte,MID,4.9,31,1.2,1.4,1.2,1.1,4.9,0.25,0.0%
Marc Guiu,FWD,4.4,28,1.8,0.9,1.2,0.9,4.8,0.27,44.0%
Kovačić,MID,6.0,27,0.6,1.1,1.6,1.5,4.8,0.20,0.0%
Carvalho,MID,4.9,19,1.1,1.2,1.3,1.1,4.8,0.24,0.0%
N.Gonzalez,MID,6.0,29,1.3,0.9,1.4,1.2,4.8,0.20,0.0%
Stones,DEF,5.5,22,0.5,0.9,1.9,1.4,4.7,0.21,0.0%
Brooks,MID,5.0,22,1.3,1.2,1.2,1.0,4.7,0.24,0.0%
Doherty,DEF,4.5,41,1.2,1.4,0.9,1.2,4.7,0.26,0.0%
Röhl,MID,5.0,12,0.6,0.8,1.6,1.6,4.7,0.23,0.0%
Sangaré,MID,5.0,36,1.3,1.0,1.2,1.2,4.6,0.23,0.0%
Tel,MID,6.3,23,1.5,1.2,1.0,0.8,4.6,0.18,0.0%
Onana,MID,5.0,0,0.0,0.9,1.8,1.8,4.5,0.23,0.0%
J.Araujo,DEF,4.0,25,1.0,1.1,1.2,1.1,4.5,0.28,0.0%
Trossard,MID,6.9,11,0.9,0.9,1.1,1.6,4.5,0.16,0.0%
Gruev,MID,5.0,40,1.4,1.0,1.0,1.0,4.3,0.22,0.0%
R.Gomes,DEF,4.5,30,1.0,1.3,1.0,1.0,4.3,0.24,0.0%
Willock,MID,5.0,24,1.3,0.9,0.9,1.1,4.3,0.22,0.0%
Fofana,DEF,4.4,16,0.7,0.9,1.4,1.3,4.2,0.24,0.0%
Flemming,FWD,5.4,19,1.0,1.3,0.9,0.8,4.0,0.19,0.0%
Tzimas,FWD,5.4,10,0.7,1.0,0.9,1.5,4.0,0.19,0.0%
Nketiah,FWD,5.4,0,0.0,0.7,1.5,1.8,4.0,0.18,0.0%
Martinez,DEF,4.9,0,0.0,0.0,0.9,3.1,4.0,0.20,0.0%
Perri,GK,4.5,0,0.0,0.0,1.1,2.9,4.0,0.22,1.2%
Maguire,DEF,4.4,34,1.1,1.1,1.0,0.8,3.9,0.22,0.0%
Milambo,MID,5.4,14,0.7,0.9,1.2,1.1,3.9,0.18,0.0%
Aaronson,MID,5.4,20,1.0,0.8,1.0,0.9,3.8,0.18,0.0%
Hutchinson,MID,5.5,16,0.8,0.9,1.1,1.0,3.8,0.17,0.0%
Patterson,DEF,4.4,0,0.0,0.4,1.9,1.5,3.8,0.21,0.0%
Gomez,DEF,5.0,21,1.0,1.0,0.8,0.9,3.8,0.19,0.0%
Buendía,MID,5.3,28,1.4,1.2,0.6,0.6,3.7,0.18,0.0%
Bakwa,MID,6.0,7,0.4,0.8,1.3,1.2,3.7,0.15,0.0%
Sonne,DEF,4.0,23,0.7,1.1,0.9,0.9,3.6,0.23,0.0%
Henry,DEF,4.5,23,0.8,0.9,1.0,1.0,3.6,0.20,0.0%
Odobert,MID,5.4,16,1.0,0.9,0.9,0.8,3.6,0.17,0.0%
Hoever,DEF,4.0,16,0.2,1.0,1.1,1.3,3.5,0.22,0.0%
Lewis-Skelly,DEF,5.4,16,0.8,0.6,1.0,1.1,3.5,0.16,0.0%
Veltman,DEF,4.4,31,1.1,1.1,0.5,0.8,3.4,0.19,0.0%
Coppola,DEF,4.4,14,0.5,1.0,0.9,0.9,3.4,0.19,0.0%
Hill,DEF,4.0,11,0.5,0.9,0.9,1.1,3.3,0.21,0.0%
Harrison,MID,5.4,16,0.9,0.7,0.7,1.0,3.3,0.15,0.0%
Edwards,MID,4.9,12,0.6,0.8,0.8,1.0,3.3,0.17,0.0%
Justin,DEF,4.0,17,0.7,0.6,0.9,1.0,3.3,0.20,0.0%
S.Magassa,MID,5.0,13,0.5,0.7,0.9,1.1,3.3,0.16,0.0%
L.Miley,MID,4.5,14,0.7,0.8,0.8,0.8,3.1,0.17,0.2%
Osula,FWD,5.5,18,1.4,1.1,0.3,0.4,3.1,0.14,0.0%
Hato,DEF,4.9,18,0.8,0.8,0.8,0.7,3.0,0.16,0.0%
Canvot,DEF,4.5,18,0.8,0.7,0.7,0.7,3.0,0.17,0.0%
Dowman,MID,4.5,17,1.2,0.7,0.5,0.5,3.0,0.16,0.0%
Andrey Santos,MID,4.5,13,0.6,0.8,0.8,0.6,2.9,0.16,0.0%
Morato,DEF,4.4,17,0.5,0.6,1.3,0.5,2.9,0.16,0.0%
Walker-Peters,DEF,4.4,20,0.7,0.7,0.8,0.6,2.9,0.16,0.0%
Bogarde,DEF,4.0,33,1.2,0.8,0.5,0.4,2.9,0.18,0.0%
Hickey,DEF,4.0,15,0.5,0.7,0.8,0.8,2.9,0.18,0.0%
Jensen,MID,4.9,12,0.6,0.7,0.8,0.8,2.9,0.15,0.0%
McNeil,MID,5.8,17,1.0,0.5,0.6,0.6,2.8,0.12,0.0%
C.Jones,MID,5.4,0,0.0,0.4,1.3,1.1,2.8,0.13,0.0%
Danso,DEF,4.4,12,0.5,0.6,0.9,0.8,2.8,0.16,0.0%
Watson,MID,5.0,10,0.6,0.7,0.6,0.9,2.8,0.14,0.0%
Cairney,MID,4.9,8,0.5,0.6,0.8,0.9,2.7,0.14,0.0%
Iroegbunam,MID,5.0,21,0.9,0.7,0.5,0.6,2.7,0.14,0.0%
Buonanotte,MID,4.9,26,1.6,0.7,0.0,0.4,2.7,0.14,0.0%
Sosa,DEF,5.0,14,0.8,0.6,0.5,0.7,2.6,0.13,0.0%
Hincapie,DEF,5.5,6,0.3,0.5,0.6,1.2,2.6,0.12,0.0%
Nwaneri,MID,5.4,9,0.7,0.7,0.6,0.6,2.5,0.12,0.0%
Isidor,FWD,5.5,11,0.6,0.7,0.7,0.6,2.5,0.12,0.0%
Chiesa,MID,6.5,12,0.9,0.7,0.5,0.4,2.5,0.10,0.0%
S.Bueno,DEF,4.5,18,0.5,0.9,0.6,0.6,2.5,0.14,0.0%
Gannon-Doak,MID,5.0,11,0.6,0.6,0.6,0.8,2.5,0.13,0.0%
Esse,MID,4.9,17,1.1,0.6,0.5,0.3,2.5,0.13,0.0%
O’Reilly,DEF,4.9,20,1.0,0.5,0.5,0.5,2.5,0.13,0.0%
Castagne,DEF,4.5,13,0.6,0.8,0.5,0.6,2.5,0.14,0.0%
Boscagli,DEF,4.4,11,0.4,0.6,0.6,0.9,2.4,0.14,0.0%
Janelt,MID,4.9,11,0.5,0.6,0.6,0.8,2.4,0.12,0.0%
Nørgaard,MID,5.4,10,0.5,0.5,0.5,0.9,2.4,0.11,0.0%
Tuanzebe,DEF,3.9,12,0.3,0.7,0.7,0.7,2.4,0.15,0.0%
Gray,MID,4.9,13,0.5,0.5,0.7,0.7,2.3,0.12,0.0%
Botman,DEF,4.9,6,0.4,0.4,0.6,1.0,2.3,0.12,0.0%
Adama,MID,5.4,11,0.7,0.6,0.5,0.5,2.3,0.11,0.0%
Endo,MID,5.0,21,1.0,0.5,0.4,0.4,2.3,0.11,0.0%
Clyne,DEF,4.0,10,0.5,0.7,0.5,0.5,2.2,0.14,0.0%
Rigg,MID,4.9,6,0.4,0.5,0.6,0.7,2.2,0.11,0.0%
Ballard,DEF,4.6,0,0.0,0.3,1.0,0.9,2.2,0.12,0.1%
Neil,MID,4.9,9,0.3,0.5,0.6,0.7,2.1,0.11,0.0%
Irving,MID,4.5,12,0.6,0.5,0.5,0.5,2.1,0.12,0.0%
Onyeka,MID,5.0,6,0.3,0.5,0.7,0.6,2.0,0.10,0.0%
George,MID,4.9,10,0.7,0.4,0.5,0.4,2.0,0.10,0.0%
Pinnock,DEF,4.4,8,0.3,0.4,0.7,0.6,2.0,0.11,0.0%
Obi,FWD,4.4,7,0.5,0.5,0.4,0.4,1.8,0.10,0.0%
Masuaku,DEF,4.0,13,0.4,0.5,0.4,0.4,1.8,0.11,0.0%
Kostoulas,FWD,4.9,4,0.3,0.4,0.3,0.7,1.7,0.09,0.0%
Humphreys,DEF,4.0,10,0.3,0.5,0.3,0.5,1.6,0.10,0.0%
Bornauw,DEF,4.0,8,0.2,0.4,0.6,0.4,1.6,0.10,0.0%
J.Cuenca,DEF,4.5,10,0.5,0.3,0.3,0.5,1.5,0.09,0.0%
Potts,MID,4.4,7,0.3,0.4,0.4,0.4,1.5,0.08,0.1%
G.Rodriguez,MID,4.9,8,0.4,0.4,0.4,0.3,1.4,0.07,0.0%
Kroupi.Jr,FWD,4.5,2,0.2,0.3,0.5,0.4,1.4,0.08,2.0%
Coleman,DEF,4.5,15,0.6,0.2,0.3,0.3,1.4,0.08,0.0%
Ajer,DEF,4.5,7,0.2,0.4,0.3,0.4,1.4,0.08,0.0%
Trafford,GK,5.0,29,1.2,0.1,0.1,0.1,1.4,0.07,0.0%
Laurent,MID,5.0,7,0.3,0.5,0.3,0.3,1.3,0.07,0.0%
Ngumoha,MID,4.5,3,0.3,0.5,0.3,0.3,1.3,0.07,0.0%
Lavia,MID,4.9,0,0.0,0.3,0.5,0.5,1.3,0.07,0.0%
Branthwaite,DEF,5.3,0,0.0,0.0,0.1,1.2,1.3,0.06,0.0%
Yates,MID,4.9,7,0.3,0.3,0.3,0.3,1.2,0.06,0.0%
Lucas Pires,DEF,4.0,7,0.2,0.3,0.4,0.3,1.2,0.07,0.0%
Scarles,DEF,4.4,4,0.3,0.3,0.3,0.3,1.2,0.07,0.0%
Diop,DEF,4.4,7,0.2,0.2,0.2,0.4,1.1,0.06,0.0%
Awoniyi,FWD,5.4,2,0.2,0.3,0.3,0.2,1.0,0.05,0.0%
Soler,DEF,4.0,3,0.2,0.2,0.2,0.4,1.0,0.06,0.0%
Kone,MID,4.5,3,0.2,0.3,0.2,0.3,1.0,0.05,0.0%
Acheampong,DEF,4.0,7,0.3,0.3,0.2,0.2,1.0,0.06,0.0%
A.García,DEF,3.9,0,0.0,0.2,0.3,0.4,0.9,0.06,0.0%
J.Rak-Sakyi,MID,4.5,4,0.4,0.2,0.1,0.1,0.9,0.05,0.0%
Smith,DEF,4.5,0,0.0,0.0,0.1,0.9,0.9,0.05,0.0%
Malacia,DEF,4.0,6,0.2,0.3,0.1,0.3,0.9,0.06,0.0%
Mamardashvili,GK,4.4,1,0.1,0.3,0.3,0.2,0.9,0.05,0.0%
Milner,MID,5.0,1,0.1,0.2,0.3,0.3,0.9,0.04,0.0%
B.Badiashile,DEF,4.4,0,0.0,0.1,0.4,0.3,0.8,0.05,0.0%
Heaven,DEF,4.0,6,0.2,0.3,0.2,0.2,0.8,0.05,0.0%
Ramsdale,GK,4.9,3,0.1,0.2,0.2,0.2,0.8,0.04,0.0%
Marshall,FWD,4.4,2,0.2,0.2,0.2,0.2,0.8,0.04,0.1%
Byram,DEF,4.0,1,0.1,0.2,0.2,0.3,0.7,0.05,0.0%
Leoni,DEF,5.0,2,0.1,0.1,0.3,0.2,0.7,0.03,0.0%
Davies,DEF,4.4,2,0.1,0.2,0.2,0.2,0.7,0.04,0.0%
Mateus Mané,FWD,99.9,1,0.1,0.2,0.1,0.2,0.7,0.00,0.0%
Arrizabalaga,GK,4.4,2,0.1,0.1,0.2,0.2,0.6,0.04,0.0%
Bajcetic,MID,4.4,2,0.1,0.2,0.2,0.1,0.6,0.04,0.2%
Barnes,FWD,4.4,1,0.1,0.2,0.2,0.2,0.6,0.03,0.2%
Meslier,GK,4.4,5,0.2,0.2,0.2,0.1,0.6,0.03,0.0%
Ahamada,MID,4.5,4,0.3,0.2,0.1,0.0,0.6,0.03,0.0%
M.Bizot,GK,4.5,1,0.1,0.2,0.1,0.2,0.5,0.03,0.3%
Lindelöf,DEF,4.5,2,0.1,0.1,0.1,0.2,0.5,0.03,0.0%
Poveda,MID,4.9,0,0.0,0.1,0.1,0.2,0.5,0.03,0.0%
Jair Cunha,DEF,4.4,4,0.1,0.1,0.1,0.2,0.5,0.03,0.0%
Travers,GK,4.5,0,0.0,0.1,0.2,0.2,0.5,0.03,0.0%
Worrall,DEF,4.0,4,0.1,0.1,0.1,0.1,0.5,0.03,0.0%
Enes Ünal,FWD,5.5,0,0.0,0.0,0.0,0.5,0.5,0.02,0.0%
Benitez,GK,4.0,1,0.1,0.1,0.1,0.1,0.5,0.03,0.0%
O'Nien,DEF,4.0,0,0.0,0.1,0.2,0.2,0.4,0.03,0.0%
Reed,MID,4.4,0,0.0,0.1,0.1,0.2,0.4,0.02,0.0%
Jörgensen,GK,4.4,0,0.0,0.1,0.2,0.1,0.4,0.02,0.0%
Steele,GK,4.5,1,0.0,0.1,0.1,0.1,0.4,0.02,0.0%
Krafth,DEF,4.5,2,0.1,0.1,0.1,0.1,0.4,0.02,0.0%
Weiss,GK,4.5,2,0.1,0.1,0.1,0.1,0.4,0.02,0.0%
Aznou,DEF,4.4,0,0.0,0.0,0.2,0.2,0.4,0.02,0.0%
Dennis,GK,4.0,1,0.1,0.1,0.1,0.1,0.3,0.02,0.0%
March,MID,5.8,0,0.0,0.0,0.0,0.3,0.3,0.01,0.0%
Peart-Harris,MID,4.5,1,0.1,0.1,0.0,0.1,0.3,0.02,0.0%
Kinsky,GK,4.0,0,0.0,0.1,0.2,0.1,0.3,0.02,0.0%
Dragusin,DEF,4.5,0,0.0,0.0,0.0,0.3,0.3,0.02,0.0%
Areola,GK,4.4,1,0.0,0.1,0.1,0.1,0.3,0.02,0.0%
Ji-soo,DEF,4.0,0,0.0,0.1,0.1,0.1,0.3,0.02,0.0%
Nunes,MID,4.9,0,0.0,0.0,0.1,0.2,0.3,0.01,0.0%
Patterson,GK,4.4,1,0.0,0.1,0.1,0.1,0.3,0.02,0.0%
Johnstone,GK,4.5,1,0.0,0.1,0.1,0.1,0.3,0.02,0.0%
Jimoh-Aloba,MID,4.5,1,0.1,0.1,0.0,0.0,0.3,0.02,0.0%
Dominguez,MID,5.0,0,0.0,0.0,0.0,0.2,0.2,0.01,0.0%
Akinmboni,DEF,4.0,1,0.0,0.1,0.0,0.1,0.2,0.01,0.0%
Lecomte,GK,4.0,2,0.1,0.1,0.0,0.1,0.2,0.01,0.0%
David Datro Fofana,FWD,99.9,1,0.1,0.0,0.1,0.0,0.2,0.00,0.0%
Valdimarsson,GK,4.0,1,0.1,0.0,0.0,0.1,0.2,0.01,0.3%
Mosquera,DEF,4.4,0,0.0,0.0,0.1,0.1,0.2,0.01,0.0%
Fraser,FWD,4.4,1,0.1,0.1,0.0,0.0,0.2,0.01,0.0%
Pembele,DEF,4.0,1,0.1,0.1,0.0,0.0,0.2,0.01,0.0%
John,GK,4.0,0,0.0,0.0,0.1,0.1,0.2,0.01,0.0%
Welch,DEF,4.0,2,0.1,0.0,0.0,0.1,0.1,0.01,0.0%
Delcroix,DEF,4.0,0,0.0,0.1,0.0,0.0,0.1,0.01,0.0%
Axel Disasi,DEF,99.9,0,0.0,0.0,0.0,0.0,0.1,0.00,0.0%
Antoñito C.,MID,4.9,0,0.0,0.1,0.0,0.0,0.1,0.01,0.0%
Matete,MID,4.4,0,0.0,0.0,0.1,0.0,0.1,0.01,0.0%
Alese,DEF,4.0,0,0.0,0.1,0.0,0.0,0.1,0.01,0.0%
Boly,DEF,4.0,0,0.0,0.0,0.1,0.0,0.1,0.01,0.0%
Bevan,DEF,4.0,0,0.0,0.0,0.0,0.0,0.1,0.01,0.0%
Phillips,MID,4.9,0,0.0,0.0,0.0,0.1,0.1,0.00,0.0%
Roberts,DEF,4.4,0,0.0,0.0,0.0,0.0,0.0,0.00,0.0%
Hein,GK,4.0,0,0.0,0.0,0.0,0.0,0.0,0.00,0.0%
Setford,GK,4.0,0,0.0,0.0,0.0,0.0,0.0,0.00,0.0%
Kiwior,DEF,5.4,0,0.0,0.0,0.0,0.0,0.0,0.00,0.0%
Clarke,DEF,4.0,0,0.0,0.0,0.0,0.0,0.0,0.00,0.0%
Kacurri,DEF,4.0,0,0.0,0.0,0.0,0.0,0.0,0.00,0.0%
Nichols,DEF,4.0,0,0.0,0.0,0.0,0.0,0.0,0.00,0.0%
Fábio Vieira,MID,5.4,0,0.0,0.0,0.0,0.0,0.0,0.00,0.0%
Kabia,MID,4.5,0,0.0,0.0,0.0,0.0,0.0,0.00,0.0%
Sambi,MID,4.5,0,0.0,0.0,0.0,0.0,0.0,0.00,0.0%
Havertz,FWD,7.4,0,0.0,0.0,0.0,0.0,0.0,0.00,0.0%
G.Jesus,FWD,6.5,0,0.0,0.0,0.0,0.0,0.0,0.00,0.0%
Gauci,GK,4.0,0,0.0,0.0,0.0,0.0,0.0,0.00,0.0%
Marschall,GK,4.0,0,0.0,0.0,0.0,0.0,0.0,0.00,0.0%
Alex Moreno,DEF,4.0,0,0.0,0.0,0.0,0.0,0.0,0.00,0.0%
Sousa,DEF,4.0,0,0.0,0.0,0.0,0.0,0.0,0.00,0.0%
Yasin,DEF,4.0,0,0.0,0.0,0.0,0.0,0.0,0.00,0.0%
Bailey,MID,5.5,0,0.0,0.0,0.0,0.0,0.0,0.00,0.0%
Iling Jr,MID,5.5,0,0.0,0.0,0.0,0.0,0.0,0.00,0.0%
J.Ramsey,MID,5.4,0,0.0,0.0,0.0,0.0,0.0,0.00,0.0%
Barkley,MID,4.9,0,0.0,0.0,0.0,0.0,0.0,0.00,0.0%
Barrenechea,MID,5.0,0,0.0,0.0,0.0,0.0,0.0,0.00,0.0%
Dobbin,MID,5.0,0,0.0,0.0,0.0,0.0,0.0,0.00,0.0%
Broggio,MID,4.5,0,0.0,0.0,0.0,0.0,0.0,0.00,0.0%
Dendoncker,MID,4.5,0,0.0,0.0,0.0,0.0,0.0,0.00,0.0%
Young,MID,4.5,0,0.0,0.0,0.0,0.0,0.0,0.00,0.0%
Redmond,FWD,4.5,0,0.0,0.0,0.0,0.0,0.0,0.00,0.0%
Neto,GK,4.5,0,0.0,0.0,0.0,0.0,0.0,0.00,0.0%
McKenna,GK,4.0,0,0.0,0.0,0.0,0.0,0.0,0.00,0.0%
Paulsen,GK,4.0,0,0.0,0.0,0.0,0.0,0.0,0.00,0.0%
Zabarnyi,DEF,5.0,0,0.0,0.0,0.0,0.0,0.0,0.00,0.0%
Mepham,DEF,4.0,0,0.0,0.0,0.0,0.0,0.0,0.00,0.0%
Philip,MID,4.9,0,0.0,0.0,0.0,0.0,0.0,0.00,0.0%
Sinisterra,MID,5.0,0,0.0,0.0,0.0,0.0,0.0,0.00,0.0%
Faivre,MID,4.5,0,0.0,0.0,0.0,0.0,0.0,0.00,0.0%
H.Traorè,MID,4.5,0,0.0,0.0,0.0,0.0,0.0,0.00,0.0%
Sadi,MID,4.5,0,0.0,0.0,0.0,0.0,0.0,0.00,0.0%
Silcott-Duberry,MID,4.5,0,0.0,0.0,0.0,0.0,0.0,0.00,0.0%
Winterburn,MID,4.5,0,0.0,0.0,0.0,0.0,0.0,0.00,0.0%
Adu-Adjei,FWD,4.4,0,0.0,0.0,0.0,0.0,0.0,0.00,0.0%
Balcombe,GK,4.0,0,0.0,0.0,0.0,0.0,0.0,0.00,0.0%
Cox,GK,4.0,0,0.0,0.0,0.0,0.0,0.0,0.00,0.0%
Eyestone,GK,4.0,0,0.0,0.0,0.0,0.0,0.0,0.00,0.0%
Roerslev,DEF,4.5,0,0.0,0.0,0.0,0.0,0.0,0.00,0.0%
Arthur,DEF,4.0,0,0.0,0.0,0.0,0.0,0.0,0.00,0.0%
Fredrick,DEF,4.0,0,0.0,0.0,0.0,0.0,0.0,0.00,0.0%
Meghoma,DEF,4.0,0,0.0,0.0,0.0,0.0,0.0,0.00,0.0%
Donovan,MID,4.5,0,0.0,0.0,0.0,0.0,0.0,0.00,0.0%
Konak,MID,4.4,0,0.0,0.0,0.0,0.0,0.0,0.00,0.0%
Maghoma,MID,4.5,0,0.0,0.0,0.0,0.0,0.0,0.00,0.0%
Trevitt,MID,4.5,0,0.0,0.0,0.0,0.0,0.0,0.00,0.0%
Morgan,FWD,4.4,0,0.0,0.0,0.0,0.0,0.0,0.00,0.0%
McGill,GK,4.0,0,0.0,0.0,0.0,0.0,0.0,0.00,0.0%
Rushworth,GK,4.0,0,0.0,0.0,0.0,0.0,0.0,0.00,0.0%
Scherpen,GK,4.0,0,0.0,0.0,0.0,0.0,0.0,0.00,0.0%
Estupiñan,DEF,4.5,0,0.0,0.0,0.0,0.0,0.0,0.00,0.0%
Lamptey,DEF,4.4,0,0.0,0.0,0.0,0.0,0.0,0.00,0.0%
Webster,DEF,4.4,0,0.0,0.0,0.0,0.0,0.0,0.00,0.0%
Cashin,DEF,4.0,0,0.0,0.0,0.0,0.0,0.0,0.00,0.0%
Slater,DEF,4.0,0,0.0,0.0,0.0,0.0,0.0,0.00,0.0%
Tasker,DEF,4.0,0,0.0,0.0,0.0,0.0,0.0,0.00,0.0%
Enciso,MID,5.4,0,0.0,0.0,0.0,0.0,0.0,0.00,0.0%
O'Riley,MID,5.5,0,0.0,0.0,0.0,0.0,0.0,0.00,0.0%
Sima,MID,5.4,0,0.0,0.0,0.0,0.0,0.0,0.00,0.0%
Sarmiento,MID,4.9,0,0.0,0.0,0.0,0.0,0.0,0.00,0.0%
Yalcouye,MID,5.0,0,0.0,0.0,0.0,0.0,0.0,0.00,0.0%
Knight,MID,4.5,0,0.0,0.0,0.0,0.0,0.0,0.00,0.0%
Mazilu,MID,4.5,0,0.0,0.0,0.0,0.0,0.0,0.00,0.0%
Moran,MID,4.5,0,0.0,0.0,0.0,0.0,0.0,0.00,0.0%
Ferguson,FWD,5.5,0,0.0,0.0,0.0,0.0,0.0,0.00,0.0%
Green,GK,4.0,0,0.0,0.0,0.0,0.0,0.0,0.00,0.0%
Hladký,GK,4.0,0,0.0,0.0,0.0,0.0,0.0,0.00,0.0%
Dodgson,DEF,4.0,0,0.0,0.0,0.0,0.0,0.0,0.00,0.0%
Jordan,DEF,4.0,0,0.0,0.0,0.0,0.0,0.0,0.00,0.0%
Sambo,DEF,4.0,0,0.0,0.0,0.0,0.0,0.0,0.00,0.0%
Benson,MID,5.4,0,0.0,0.0,0.0,0.0,0.0,0.00,0.0%
Boateng,MID,4.9,0,0.0,0.0,0.0,0.0,0.0,0.00,0.0%
Churlinov,MID,4.9,0,0.0,0.0,0.0,0.0,0.0,0.00,0.0%
Koleosho,MID,5.0,0,0.0,0.0,0.0,0.0,0.0,0.00,0.0%
A.Ramsey,MID,4.4,0,0.0,0.0,0.0,0.0,0.0,0.00,0.0%
Adewumi,MID,4.5,0,0.0,0.0,0.0,0.0,0.0,0.00,0.0%
Banel,MID,4.5,0,0.0,0.0,0.0,0.0,0.0,0.00,0.0%
Trésor,MID,4.5,0,0.0,0.0,0.0,0.0,0.0,0.00,0.0%
Amdouni,FWD,4.9,0,0.0,0.0,0.0,0.0,0.0,0.00,0.0%
Obafemi,FWD,4.4,0,0.0,0.0,0.0,0.0,0.0,0.00,0.0%
Penders,GK,4.0,0,0.0,0.0,0.0,0.0,0.0,0.00,0.0%
Slonina,GK,4.0,0,0.0,0.0,0.0,0.0,0.0,0.00,0.0%
Colwill,DEF,4.9,0,0.0,0.0,0.0,0.0,0.0,0.00,0.0%
M.Sarr,DEF,4.5,0,0.0,0.0,0.0,0.0,0.0,0.00,0.0%
Anselmino,DEF,4.0,0,0.0,0.0,0.0,0.0,0.0,0.00,0.0%
Nkunku,MID,5.9,0,0.0,0.0,0.0,0.0,0.0,0.00,0.0%
Mudryk,MID,5.0,0,0.0,0.0,0.0,0.0,0.0,0.00,0.0%
D.Essugo,MID,4.4,0,0.0,0.0,0.0,0.0,0.0,0.00,0.0%
Paez,MID,4.5,0,0.0,0.0,0.0,0.0,0.0,0.00,0.0%
Delap,FWD,6.3,0,0.0,0.0,0.0,0.0,0.0,0.00,0.0%
N.Jackson,FWD,6.5,0,0.0,0.0,0.0,0.0,0.0,0.00,0.0%
Matthews,GK,4.0,0,0.0,0.0,0.0,0.0,0.0,0.00,0.0%
Chadi Riad,DEF,4.0,0,0.0,0.0,0.0,0.0,0.0,0.00,0.0%
Holding,DEF,4.0,0,0.0,0.0,0.0,0.0,0.0,0.00,0.0%
Kporha,DEF,4.0,0,0.0,0.0,0.0,0.0,0.0,0.00,0.0%
Doucouré,MID,5.0,0,0.0,0.0,0.0,0.0,0.0,0.00,0.0%
Agbinone,MID,4.5,0,0.0,0.0,0.0,0.0,0.0,0.00,0.0%
Ebiowei,MID,4.5,0,0.0,0.0,0.0,0.0,0.0,0.00,0.0%
M.França,MID,4.5,0,0.0,0.0,0.0,0.0,0.0,0.00,0.0%
Ozoh,MID,4.5,0,0.0,0.0,0.0,0.0,0.0,0.00,0.0%
Rodney,MID,4.5,0,0.0,0.0,0.0,0.0,0.0,0.00,0.0%
Umeh,MID,4.5,0,0.0,0.0,0.0,0.0,0.0,0.00,0.0%
Édouard,FWD,5.0,0,0.0,0.0,0.0,0.0,0.0,0.00,0.0%
Marsh,FWD,4.5,0,0.0,0.0,0.0,0.0,0.0,0.00,0.0%
Tyrer,GK,4.0,0,0.0,0.0,0.0,0.0,0.0,0.00,0.0%
Dixon,DEF,4.0,0,0.0,0.0,0.0,0.0,0.0,0.00,0.0%
Armstrong,MID,4.5,0,0.0,0.0,0.0,0.0,0.0,0.00,0.0%
Bates,MID,4.5,0,0.0,0.0,0.0,0.0,0.0,0.00,0.0%
Ebere,MID,4.5,0,0.0,0.0,0.0,0.0,0.0,0.00,0.0%
Heath,MID,4.5,0,0.0,0.0,0.0,0.0,0.0,0.00,0.0%
Metcalfe,MID,4.5,0,0.0,0.0,0.0,0.0,0.0,0.00,0.0%
Y.Chermiti,FWD,4.9,0,0.0,0.0,0.0,0.0,0.0,0.00,0.0%
Sherif,FWD,4.4,0,0.0,0.0,0.0,0.0,0.0,0.00,0.0%
Benda,GK,4.0,0,0.0,0.0,0.0,0.0,0.0,0.00,0.0%
Amissah,DEF,4.0,0,0.0,0.0,0.0,0.0,0.0,0.00,0.0%
Andreas,MID,5.3,0,0.0,0.0,0.0,0.0,0.0,0.00,0.0%
Godo,MID,4.5,0,0.0,0.0,0.0,0.0,0.0,0.00,0.0%
Harris,MID,4.5,0,0.0,0.0,0.0,0.0,0.0,0.00,0.0%
Cairns,GK,4.0,0,0.0,0.0,0.0,0.0,0.0,0.00,0.0%
Schmidt,DEF,4.0,0,0.0,0.0,0.0,0.0,0.0,0.00,0.0%
Greenwood,MID,4.9,0,0.0,0.0,0.0,0.0,0.0,0.00,0.0%
Ramazani,MID,4.9,0,0.0,0.0,0.0,0.0,0.0,0.00,0.0%
Crew,MID,4.5,0,0.0,0.0,0.0,0.0,0.0,0.00,0.0%
Gelhardt,MID,4.5,0,0.0,0.0,0.0,0.0,0.0,0.00,0.0%
Gyabi,MID,4.5,0,0.0,0.0,0.0,0.0,0.0,0.00,0.0%
Bamford,FWD,4.9,0,0.0,0.0,0.0,0.0,0.0,0.00,0.0%
Mateo Joseph,FWD,5.0,0,0.0,0.0,0.0,0.0,0.0,0.00,0.0%
Pécsi,GK,4.0,0,0.0,0.0,0.0,0.0,0.0,0.00,0.0%
Woodman,GK,4.0,0,0.0,0.0,0.0,0.0,0.0,0.00,0.0%
Tsimikas,DEF,4.9,0,0.0,0.0,0.0,0.0,0.0,0.00,0.0%
Nallo,DEF,3.9,0,0.0,0.0,0.0,0.0,0.0,0.00,0.0%
R.Williams,DEF,3.9,0,0.0,0.0,0.0,0.0,0.0,0.00,0.0%
Ramsay,DEF,3.9,0,0.0,0.0,0.0,0.0,0.0,0.00,0.0%
Luis Díaz,MID,8.0,0,0.0,0.0,0.0,0.0,0.0,0.00,0.0%
McConnell,MID,4.4,0,0.0,0.0,0.0,0.0,0.0,0.00,0.0%
Morton,MID,4.5,0,0.0,0.0,0.0,0.0,0.0,0.00,0.0%
Nyoni,MID,4.4,0,0.0,0.0,0.0,0.0,0.0,0.00,0.2%
Darwin,FWD,6.5,0,0.0,0.0,0.0,0.0,0.0,0.00,0.0%
Danns,FWD,4.4,0,0.0,0.0,0.0,0.0,0.0,0.00,0.0%
Ederson M.,GK,5.3,0,0.0,0.0,0.0,0.0,0.0,0.00,0.0%
Ortega Moreno,GK,4.9,0,0.0,0.0,0.0,0.0,0.0,0.00,0.0%
Bettinelli,GK,4.0,0,0.0,0.0,0.0,0.0,0.0,0.00,0.0%
Akanji,DEF,5.4,0,0.0,0.0,0.0,0.0,0.0,0.00,0.0%
Vitor Reis,DEF,5.0,0,0.0,0.0,0.0,0.0,0.0,0.00,0.0%
Marmoush,MID,8.4,0,0.0,0.0,0.0,0.0,0.0,0.00,0.2%
Cherki,MID,6.4,0,0.0,0.0,0.0,0.0,0.0,0.00,0.0%
Gündoğan,MID,6.3,0,0.0,0.0,0.0,0.0,0.0,0.00,0.0%
Echeverri,MID,5.4,0,0.0,0.0,0.0,0.0,0.0,0.00,0.0%
Nypan,MID,5.0,0,0.0,0.0,0.0,0.0,0.0,0.00,0.0%
Onana,GK,4.9,0,0.0,0.0,0.0,0.0,0.0,0.00,0.0%
Harrison,GK,4.0,0,0.0,0.0,0.0,0.0,0.0,0.00,0.0%
Heaton,GK,4.0,0,0.0,0.0,0.0,0.0,0.0,0.00,0.0%
Mee,GK,4.0,0,0.0,0.0,0.0,0.0,0.0,0.00,0.0%
D.Leon,DEF,4.4,0,0.0,0.0,0.0,0.0,0.0,0.00,0.0%
Amass,DEF,4.0,0,0.0,0.0,0.0,0.0,0.0,0.00,0.0%
Fredricson,DEF,4.0,0,0.0,0.0,0.0,0.0,0.0,0.00,0.0%
Cunha,MID,8.0,0,0.0,0.0,0.0,0.0,0.0,0.00,11.4%
Rashford,MID,7.0,0,0.0,0.0,0.0,0.0,0.0,0.00,0.2%
Antony,MID,5.9,0,0.0,0.0,0.0,0.0,0.0,0.00,0.0%
Collyer,MID,4.5,0,0.0,0.0,0.0,0.0,0.0,0.00,0.0%
Fitzgerald,MID,4.5,0,0.0,0.0,0.0,0.0,0.0,0.00,0.0%
J.Fletcher,MID,4.4,0,0.0,0.0,0.0,0.0,0.0,0.00,0.0%
Moorhouse,MID,4.5,0,0.0,0.0,0.0,0.0,0.0,0.00,0.0%
Højlund,FWD,6.3,0,0.0,0.0,0.0,0.0,0.0,0.00,0.0%
Wheatley,FWD,4.5,0,0.0,0.0,0.0,0.0,0.0,0.00,0.2%
Gillespie,GK,4.0,0,0.0,0.0,0.0,0.0,0.0,0.00,0.0%
Odysseas,GK,4.0,0,0.0,0.0,0.0,0.0,0.0,0.00,0.0%
Lascelles,DEF,4.4,0,0.0,0.0,0.0,0.0,0.0,0.00,0.0%
A.Murphy,DEF,4.0,0,0.0,0.0,0.0,0.0,0.0,0.00,0.0%
Ashby,DEF,4.0,0,0.0,0.0,0.0,0.0,0.0,0.00,0.0%
Pivas,DEF,4.0,0,0.0,0.0,0.0,0.0,0.0,0.00,0.0%
Targett,DEF,4.0,0,0.0,0.0,0.0,0.0,0.0,0.00,0.0%
Hayden,MID,4.5,0,0.0,0.0,0.0,0.0,0.0,0.00,0.0%
Kuol,MID,4.5,0,0.0,0.0,0.0,0.0,0.0,0.00,0.0%
White,MID,4.5,0,0.0,0.0,0.0,0.0,0.0,0.00,0.0%
Neave,FWD,4.4,0,0.0,0.0,0.0,0.0,0.0,0.00,0.0%
C.Miguel,GK,4.0,0,0.0,0.0,0.0,0.0,0.0,0.00,0.0%
Turner,GK,4.0,0,0.0,0.0,0.0,0.0,0.0,0.00,0.0%
Aina,DEF,5.0,0,0.0,0.0,0.0,0.0,0.0,0.00,0.0%
David Carmo,DEF,4.5,0,0.0,0.0,0.0,0.0,0.0,0.00,0.0%
O.Richards,DEF,4.5,0,0.0,0.0,0.0,0.0,0.0,0.00,0.0%
Abbott,DEF,4.0,0,0.0,0.0,0.0,0.0,0.0,0.00,0.0%
Jota,MID,5.4,0,0.0,0.0,0.0,0.0,0.0,0.00,0.0%
O'Brien,MID,5.0,0,0.0,0.0,0.0,0.0,0.0,0.00,0.0%
Da Silva Moreira,MID,4.5,0,0.0,0.0,0.0,0.0,0.0,0.00,0.0%
Stamenic,MID,4.5,0,0.0,0.0,0.0,0.0,0.0,0.00,0.0%
Moore,GK,4.0,0,0.0,0.0,0.0,0.0,0.0,0.00,0.0%
Nna Noukeu,GK,4.0,0,0.0,0.0,0.0,0.0,0.0,0.00,0.0%
Anderson,DEF,4.0,0,0.0,0.0,0.0,0.0,0.0,0.00,0.0%
Cirkin,DEF,4.0,0,0.0,0.0,0.0,0.0,0.0,0.00,0.0%
Hjelde,DEF,4.0,0,0.0,0.0,0.0,0.0,0.0,0.00,0.0%
Huggins,DEF,4.0,0,0.0,0.0,0.0,0.0,0.0,0.00,0.0%
Johnson,DEF,4.0,0,0.0,0.0,0.0,0.0,0.0,0.00,0.0%
Seelt,DEF,4.0,0,0.0,0.0,0.0,0.0,0.0,0.00,0.0%
Roberts,MID,5.4,0,0.0,0.0,0.0,0.0,0.0,0.00,0.0%
Aleksić,MID,4.9,0,0.0,0.0,0.0,0.0,0.0,0.00,0.0%
Mundle,MID,4.9,0,0.0,0.0,0.0,0.0,0.0,0.00,0.0%
Ba,MID,4.4,0,0.0,0.0,0.0,0.0,0.0,0.00,0.0%
Browne,MID,4.5,0,0.0,0.0,0.0,0.0,0.0,0.00,0.0%
Ekwah,MID,4.5,0,0.0,0.0,0.0,0.0,0.0,0.00,0.0%
H.Jones,MID,4.5,0,0.0,0.0,0.0,0.0,0.0,0.00,0.0%
Triantis,MID,4.4,0,0.0,0.0,0.0,0.0,0.0,0.00,0.0%
Abdullahi,FWD,4.4,0,0.0,0.0,0.0,0.0,0.0,0.00,0.1%
Luís Hemir,FWD,4.4,0,0.0,0.0,0.0,0.0,0.0,0.00,0.0%
Rusyn,FWD,4.4,0,0.0,0.0,0.0,0.0,0.0,0.00,0.3%
Austin,GK,4.0,0,0.0,0.0,0.0,0.0,0.0,0.00,0.0%
Phillips,DEF,4.0,0,0.0,0.0,0.0,0.0,0.0,0.00,0.0%
Takai,DEF,4.0,0,0.0,0.0,0.0,0.0,0.0,0.00,0.0%
Vuskovic,DEF,3.9,0,0.0,0.0,0.0,0.0,0.0,0.00,0.0%
Son,MID,8.5,0,0.0,0.0,0.0,0.0,0.0,0.00,0.0%
Maddison,MID,6.9,0,0.0,0.0,0.0,0.0,0.0,0.00,0.0%
Kulusevski,MID,6.4,0,0.0,0.0,0.0,0.0,0.0,0.00,0.0%
Bissouma,MID,5.3,0,0.0,0.0,0.0,0.0,0.0,0.00,0.0%
Solomon,MID,5.4,0,0.0,0.0,0.0,0.0,0.0,0.00,0.0%
Bryan,MID,4.9,0,0.0,0.0,0.0,0.0,0.0,0.00,0.0%
Moore,MID,5.0,0,0.0,0.0,0.0,0.0,0.0,0.00,0.0%
Min-hyeok,MID,4.5,0,0.0,0.0,0.0,0.0,0.0,0.00,0.0%
Olusesi,MID,4.4,0,0.0,0.0,0.0,0.0,0.0,0.00,0.0%
Lankshear,FWD,4.5,0,0.0,0.0,0.0,0.0,0.0,0.00,0.0%
Scarlett,FWD,4.4,0,0.0,0.0,0.0,0.0,0.0,0.00,0.0%
Foderingham,GK,4.0,0,0.0,0.0,0.0,0.0,0.0,0.00,0.0%
Hegyi,GK,4.0,0,0.0,0.0,0.0,0.0,0.0,0.00,0.0%
Emerson,DEF,4.4,0,0.0,0.0,0.0,0.0,0.0,0.00,0.0%
N.Aguerd,DEF,4.4,0,0.0,0.0,0.0,0.0,0.0,0.00,0.0%
Casey,DEF,4.0,0,0.0,0.0,0.0,0.0,0.0,0.00,0.0%
Álvarez,MID,4.9,0,0.0,0.0,0.0,0.0,0.0,0.00,0.0%
Cornet,MID,4.9,0,0.0,0.0,0.0,0.0,0.0,0.00,0.0%
L.Guilherme,MID,4.9,0,0.0,0.0,0.0,0.0,0.0,0.00,0.0%
Earthy,MID,4.5,0,0.0,0.0,0.0,0.0,0.0,0.00,0.0%
Orford,MID,4.4,0,0.0,0.0,0.0,0.0,0.0,0.00,0.0%
Bentley,GK,4.0,0,0.0,0.0,0.0,0.0,0.0,0.00,0.0%
King,GK,4.0,0,0.0,0.0,0.0,0.0,0.0,0.00,0.0%
Meupiyou,DEF,4.0,0,0.0,0.0,0.0,0.0,0.0,0.00,0.0%
Pedro Lima,DEF,4.0,0,0.0,0.0,0.0,0.0,0.0,0.00,0.0%
Pond,DEF,4.0,0,0.0,0.0,0.0,0.0,0.0,0.00,0.0%
Guedes,MID,5.5,0,0.0,0.0,0.0,0.0,0.0,0.00,0.0%
B.Traore,MID,5.0,0,0.0,0.0,0.0,0.0,0.0,0.00,0.0%
Chirewa,MID,4.4,0,0.0,0.0,0.0,0.0,0.0,0.00,0.0%
Edozie,MID,4.4,0,0.0,0.0,0.0,0.0,0.0,0.00,0.0%
Gonzalez,MID,4.4,0,0.0,0.0,0.0,0.0,0.0,0.00,0.0%
Hodge,MID,4.5,0,0.0,0.0,0.0,0.0,0.0,0.00,0.0%
Fábio Silva,FWD,4.9,0,0.0,0.0,0.0,0.0,0.0,0.00,0.0%
Kalajdžić,FWD,4.9,0,0.0,0.0,0.0,0.0,0.0,0.00,0.0%
Chiwome,FWD,4.5,0,0.0,0.0,0.0,0.0,0.0,0.00,0.1%
Gunn,GK,4.0,0,0.0,0.0,0.0,0.0,0.0,0.00,0.0%
Rees-Dottin,MID,4.5,0,0.0,0.0,0.0,0.0,0.0,0.00,0.0%
Wright,GK,4.0,0,0.0,0.0,0.0,0.0,0.0,0.00,0.0%
Seung soo,MID,4.5,0,0.0,0.0,0.0,0.0,0.0,0.00,0.0%
Cardines,MID,4.5,0,0.0,0.0,0.0,0.0,0.0,0.00,0.0%
Rowe,DEF,4.0,0,0.0,0.0,0.0,0.0,0.0,0.00,0.0%
Burrowes,MID,4.5,0,0.0,0.0,0.0,0.0,0.0,0.00,0.0%
Proctor,GK,4.0,0,0.0,0.0,0.0,0.0,0.0,0.00,0.0%
Onyango,MID,4.5,0,0.0,0.0,0.0,0.0,0.0,0.00,0.0%
Campbell,DEF,4.0,0,0.0,0.0,0.0,0.0,0.0,0.00,0.0%
Patterson,DEF,4.0,0,0.0,0.0,0.0,0.0,0.0,0.00,0.0%
Harriman-Annous,MID,4.5,0,0.0,0.0,0.0,0.0,0.0,0.00,0.0%
Milosavljević,DEF,4.5,0,0.0,0.0,0.0,0.0,0.0,0.00,0.0%
Cuiabano,DEF,4.5,0,0.0,0.0,0.0,0.0,0.0,0.00,0.0%
Kusi-Asare,FWD,4.5,0,0.0,0.0,0.0,0.0,0.0,0.00,0.0%
Fabianski,GK,4.5,0,0.0,0.0,0.0,0.0,0.0,0.00,0.0%
Raheem Sterling,FWD,99.9,0,0.0,0.0,0.0,0.0,0.0,0.00,0.0%
Sam Chambers,MID,99.9,0,0.0,0.0,0.0,0.0,0.0,0.00,0.0%
John Ruddy,GK,99.9,0,0.0,0.0,0.0,0.0,0.0,0.00,0.0%
Oliver Pimlott,MID,99.9,0,0.0,0.0,0.0,0.0,0.0,0.00,0.0%
